[
  {
    "model": "auth.user",
    "pk": 1,
    "fields": {
      "password": "pbkdf2_sha256$24000$2YcSGaOpGbzo$Ng3+TnupV99pCFdrlgRN7wHlGDqVmmyCkZqQ+5J1N+w=",
      "last_login": null, "is_superuser": true,
      "username": "johnny",
      "first_name": "",
      "last_name": "", "email": "",
      "is_staff": true,
      "is_active": true,
      "date_joined": "2016-04-01T19:43:44.400",
      "groups": [],
      "user_permissions": []
    }
  },
  {
    "model": "auth.user",
    "pk": 2,
    "fields": {
      "password": "pbkdf2_sha256$24000$RpaHHBwcV2Sw$aWTqnndcZfcZAs//88O7PMBfJXPYds0EllCz0EyKwck=",
      "last_login": null,
      "is_superuser": true,
      "username": "victor",
      "first_name": "",
      "last_name": "",
      "email": "",
      "is_staff": true,
      "is_active": true,
      "date_joined": "2016-04-01T19:44:01.824",
      "groups": [], "user_permissions": []
    }
  },
  {
    "model": "auth.user",
    "pk": 3,
    "fields": {
      "password": "pbkdf2_sha256$24000$pGDe97lYmy8g$R3e6uaB0ZPFl9rAp6mlsR51YihBUiFBmNxVWzoIzQA4=",
      "last_login": null,
      "is_superuser": true,
      "username": "clauss",
      "first_name": "",
      "last_name": "",
      "email": "",
      "is_staff": true,
      "is_active": true,
      "date_joined": "2016-04-01T19:44:16.727",
      "groups": [],
      "user_permissions": []
    }
  },
  {
    "model": "auth.user",
    "pk": 4,
    "fields": {
      "password": "pbkdf2_sha256$24000$tk1aTLpsNw3j$EN/LuR2tSfxStZxT3yTg/sMwNh1XhV2UQNfvA9PzTXw=",
      "last_login": null,
      "is_superuser": true,
      "username": "paulo",
      "first_name": "",
      "last_name": "",
      "email": "",
      "is_staff": true,
      "is_active": true,
      "date_joined": "2016-04-01T19:44:39.352",
      "groups": [],
      "user_permissions": []
    }
  },
  {
    "model": "game.player",
    "pk": 1,
    "fields": {
      "user": 1,
      "resources": 1,
      "delinquency": 0
    }
  },
  {
    "model": "game.player",
    "pk": 2,
    "fields": {
      "user": 2,
      "resources": 2,
      "delinquency": 0
    }
  },
      {
    "model": "game.player",
    "pk": 3,
    "fields": {
      "user": 3,
      "resources": 3,
      "delinquency": 0
    }
  },
  {
    "model": "game.player",
    "pk": 4,
    "fields": {
      "user": 4,
      "resources": 4,
      "delinquency": 0
    }
  },
  {
    "model": "game.territory",
    "fields": {
      "owner": 1,
      "code": "DK.SD.AA",
      "land_area": 941,
      "name": "Aabenraa"
    },
    "pk": 1
  },
  {
    "model": "game.territory",
    "fields": {
      "owner": 2,
      "code": "DK.ND.AA",
      "land_area": 561,
      "name": "Aalborg"
    },
    "pk": 2
  },
  {
    "model": "game.territory",
    "fields": {
      "owner": 2,
      "code": "DK.MJ.AR",
      "land_area": 268,
      "name": "Århus"
    },
    "pk": 3
  },
  {
    "model": "game.territory",
    "fields": {
      "owner": 1,
      "code": "DK.SD.AE",
      "land_area": 88,
      "name": "Ærø"
    },
    "pk": 4
  },
  {
    "model": "game.territory",
    "fields": {
      "owner": 3,
      "code": "DK.HS.AB",
      "land_area": 23,
      "name": "Albertslund"
    },
    "pk": 5
  },
  {
    "model": "game.territory",
    "fields": {
      "owner": 3,
      "code": "DK.HS.AL",
      "land_area": 67,
      "name": "Allerød"
    },
    "pk": 6
  },
  {
    "model": "game.territory",
    "fields": {
      "owner": 1,
      "code": "DK.SD.AS",
      "land_area": 513,
      "name": "Assens"
    },
    "pk": 7
  },
  {
    "model": "game.territory",
    "fields": {
      "owner": 3,
      "code": "DK.HS.BA",
      "land_area": 34,
      "name": "Ballerup"
    },
    "pk": 8
  },
  {
    "model": "game.territory",
    "fields": {
      "owner": 4,
      "code": "DK.SD.BI",
      "land_area": 155,
      "name": "Billund"
    },
    "pk": 9
  },
  {
    "model": "game.territory",
    "fields": {
      "owner": 3,
      "code": "DK.HS.BO",
      "land_area": 588,
      "name": "Bornholm"
    },
    "pk": 10
  },
  {
    "model": "game.territory",
    "fields": {
      "owner": 3,
      "code": "DK.HS.BR",
      "land_area": 28,
      "name": "Brøndby"
    },
    "pk": 11
  },
  {
    "model": "game.territory",
    "fields": {
      "owner": 2,
      "code": "DK.ND.BD",
      "land_area": 317,
      "name": "Brønderslev"
    },
    "pk": 12
  },
  {
    "model": "game.territory",
    "fields": {
      "owner": 3,
      "code": "DK.HS.CH",
      "land_area": 1,
      "name": "Christiansø"
    },
    "pk": 13
  },
  {
    "model": "game.territory",
    "fields": {
      "owner": 3,
      "code": "DK.HS.DR",
      "land_area": 18,
      "name": "Dragør"
    },
    "pk": 14
  },
  {
    "model": "game.territory",
    "fields": {
      "owner": 3,
      "code": "DK.HS.EG",
      "land_area": 125,
      "name": "Egedal"
    },
    "pk": 15
  },
  {
    "model": "game.territory",
    "fields": {
      "owner": 1,
      "code": "DK.SD.ES",
      "land_area": 221,
      "name": "Esbjerg"
    },
    "pk": 16
  },
  {
    "model": "game.territory",
    "fields": {
      "owner": 1,
      "code": "DK.SD.FM",
      "land_area": 51,
      "name": "Faaborg-Midtfyn"
    },
    "pk": 17
  },
  {
    "model": "game.territory",
    "fields": {
      "owner": 1,
      "code": "DK.SD.FA",
      "land_area": 56,
      "name": "Fanø"
    },
    "pk": 18
  },
  {
    "model": "game.territory",
    "fields": {
      "owner": 2,
      "code": "DK.MJ.FA",
      "land_area": 541,
      "name": "Favrskov"
    },
    "pk": 19
  },
  {
    "model": "game.territory",
    "fields": {
      "owner": 3,
      "code": "DK.SL.FA",
      "land_area": 404,
      "name": "Faxe"
    },
    "pk": 20
  },
  {
    "model": "game.territory",
    "fields": {
      "owner": 3,
      "code": "DK.HS.FN",
      "land_area": 112,
      "name": "Fredensborg"
    },
    "pk": 21
  },
  {
    "model": "game.territory",
    "fields": {
      "owner": 1,
      "code": "DK.SD.FR",
      "land_area": 135,
      "name": "Fredericia"
    },
    "pk": 22
  },
  {
    "model": "game.territory",
    "fields": {
      "owner": 3,
      "code": "DK.HS.FB",
      "land_area": 9,
      "name": "Frederiksberg"
    },
    "pk": 23
  },
  {
    "model": "game.territory",
    "fields": {
      "owner": 2,
      "code": "DK.ND.FR",
      "land_area": 180,
      "name": "Frederikshavn"
    },
    "pk": 24
  },
  {
    "model": "game.territory",
    "fields": {
      "owner": 3,
      "code": "DK.HS.FS",
      "land_area": 250,
      "name": "Frederikssund"
    },
    "pk": 25
  },
  {
    "model": "game.territory",
    "fields": {
      "owner": 3,
      "code": "DK.HS.FU",
      "land_area": 56,
      "name": "Furesø"
    },
    "pk": 26
  },
  {
    "model": "game.territory",
    "fields": {
      "owner": 3,
      "code": "DK.HS.GE",
      "land_area": 26,
      "name": "Gentofte"
    },
    "pk": 27
  },
  {
    "model": "game.territory",
    "fields": {
      "owner": 3,
      "code": "DK.HS.GX",
      "land_area": 25,
      "name": "Gladsaxe"
    },
    "pk": 28
  },
  {
    "model": "game.territory",
    "fields": {
      "owner": 3,
      "code": "DK.HS.GP",
      "land_area": 13,
      "name": "Glostrup"
    },
    "pk": 29
  },
  {
    "model": "game.territory",
    "fields": {
      "owner": 3,
      "code": "DK.SL.GR",
      "land_area": 60,
      "name": "Greve"
    },
    "pk": 30
  },
  {
    "model": "game.territory",
    "fields": {
      "owner": 3,
      "code": "DK.HS.GR",
      "land_area": 56,
      "name": "Gribskov"
    },
    "pk": 31
  },
  {
    "model": "game.territory",
    "fields": {
      "owner": 1,
      "code": "DK.SL.GU",
      "land_area": 903,
      "name": "Guldborgsund"
    },
    "pk": 32
  },
  {
    "model": "game.territory",
    "fields": {
      "owner": 1,
      "code": "DK.SD.HA",
      "land_area": 272,
      "name": "Haderslev"
    },
    "pk": 33
  },
  {
    "model": "game.territory",
    "fields": {
      "owner": 3,
      "code": "DK.HS.FH",
      "land_area": 122,
      "name": "Halsnæs"
    },
    "pk": 34
  },
  {
    "model": "game.territory",
    "fields": {
      "owner": 2,
      "code": "DK.MJ.HD",
      "land_area": 138,
      "name": "Hedensted"
    },
    "pk": 35
  },
  {
    "model": "game.territory",
    "fields": {
      "owner": 3,
      "code": "DK.HS.HG",
      "land_area": 122,
      "name": "Helsingør"
    },
    "pk": 36
  },
  {
    "model": "game.territory",
    "fields": {
      "owner": 3,
      "code": "DK.HS.HV",
      "land_area": 12,
      "name": "Herlev"
    },
    "pk": 37
  },
  {
    "model": "game.territory",
    "fields": {
      "owner": 4,
      "code": "DK.MJ.HG",
      "land_area": 542,
      "name": "Herning"
    },
    "pk": 38
  },
  {
    "model": "game.territory",
    "fields": {
      "owner": 3,
      "code": "DK.HS.HI",
      "land_area": 213,
      "name": "Hillerød"
    },
    "pk": 39
  },
  {
    "model": "game.territory",
    "fields": {
      "owner": 2,
      "code": "DK.ND.HJ",
      "land_area": 312,
      "name": "Hjørring"
    },
    "pk": 40
  },
  {
    "model": "game.territory",
    "fields": {
      "owner": 3,
      "code": "DK.HS.HT",
      "land_area": 78,
      "name": "Høje-Taastrup"
    },
    "pk": 41
  },
  {
    "model": "game.territory",
    "fields": {
      "owner": 3,
      "code": "DK.SL.HO",
      "land_area": 579,
      "name": "Holbæk"
    },
    "pk": 42
  },
  {
    "model": "game.territory",
    "fields": {
      "owner": 4,
      "code": "DK.MJ.HB",
      "land_area": 351,
      "name": "Holstebro"
    },
    "pk": 43
  },
  {
    "model": "game.territory",
    "fields": {
      "owner": 2,
      "code": "DK.MJ.HS",
      "land_area": 542,
      "name": "Horsens"
    },
    "pk": 44
  },
  {
    "model": "game.territory",
    "fields": {
      "owner": 3,
      "code": "DK.HS.HO",
      "land_area": 31,
      "name": "Hørsholm"
    },
    "pk": 45
  },
  {
    "model": "game.territory",
    "fields": {
      "owner": 3,
      "code": "DK.HS.HD",
      "land_area": 25,
      "name": "Hvidovre"
    },
    "pk": 46
  },
  {
    "model": "game.territory",
    "fields": {
      "owner": 4,
      "code": "DK.MJ.IB",
      "land_area": 734,
      "name": "Ikast-Brande"
    },
    "pk": 47
  },
  {
    "model": "game.territory",
    "fields": {
      "owner": 3,
      "code": "DK.HS.IS",
      "land_area": 26,
      "name": "Ishøj"
    },
    "pk": 48
  },
  {
    "model": "game.territory",
    "fields": {
      "owner": 2,
      "code": "DK.ND.JA",
      "land_area": 863,
      "name": "Jammerbugt"
    },
    "pk": 49
  },
  {
    "model": "game.territory",
    "fields": {
      "owner": 3,
      "code": "DK.SL.KA",
      "land_area": 604,
      "name": "Kalundborg"
    },
    "pk": 50
  },
  {
    "model": "game.territory",
    "fields": {
      "owner": 1,
      "code": "DK.SD.KE",
      "land_area": 203,
      "name": "Kerteminde"
    },
    "pk": 51
  },
  {
    "model": "game.territory",
    "fields": {
      "owner": 3,
      "code": "DK.HS.KO",
      "land_area": 88,
      "name": "København"
    },
    "pk": 52
  },
  {
    "model": "game.territory",
    "fields": {
      "owner": 3,
      "code": "DK.SL.KO",
      "land_area": 256,
      "name": "Køge"
    },
    "pk": 53
  },
  {
    "model": "game.territory",
    "fields": {
      "owner": 1,
      "code": "DK.SD.KO",
      "land_area": 239,
      "name": "Kolding"
    },
    "pk": 54
  },
  {
    "model": "game.territory",
    "fields": {
      "owner": 2,
      "code": "DK.ND.LA",
      "land_area": 101,
      "name": "Læsø"
    },
    "pk": 55
  },
  {
    "model": "game.territory",
    "fields": {
      "owner": 1,
      "code": "DK.SD.LA",
      "land_area": 285,
      "name": "Langeland"
    },
    "pk": 56
  },
  {
    "model": "game.territory",
    "fields": {
      "owner": 3,
      "code": "DK.SL.LE",
      "land_area": 240,
      "name": "Lejre"
    },
    "pk": 57
  },
  {
    "model": "game.territory",
    "fields": {
      "owner": 4,
      "code": "DK.MJ.LE",
      "land_area": 466,
      "name": "Lemvig"
    },
    "pk": 58
  },
  {
    "model": "game.territory",
    "fields": {
      "owner": 1,
      "code": "DK.SL.LO",
      "land_area": 1243,
      "name": "Lolland"
    },
    "pk": 59
  },
  {
    "model": "game.territory",
    "fields": {
      "owner": 3,
      "code": "DK.HS.LT",
      "land_area": 39,
      "name": "Lyngby-Taarbæk"
    },
    "pk": 60
  },
  {
    "model": "game.territory",
    "fields": {
      "owner": 2,
      "code": "DK.ND.MF",
      "land_area": 769,
      "name": "Mariagerfjord"
    },
    "pk": 61
  },
  {
    "model": "game.territory",
    "fields": {
      "owner": 1,
      "code": "DK.SD.MI",
      "land_area": 300,
      "name": "Middelfart"
    },
    "pk": 62
  },
  {
    "model": "game.territory",
    "fields": {
      "owner": 4,
      "code": "DK.ND.MO",
      "land_area": 368,
      "name": "Morsø"
    },
    "pk": 63
  },
  {
    "model": "game.territory",
    "fields": {
      "owner": 3,
      "code": "DK.SL.NA",
      "land_area": 681,
      "name": "Næstved"
    },
    "pk": 64
  },
  {
    "model": "game.territory",
    "fields": {
      "owner": 2,
      "code": "DK.MJ.NO",
      "land_area": 724,
      "name": "Norddjurs"
    },
    "pk": 65
  },
  {
    "model": "game.territory",
    "fields": {
      "owner": 1,
      "code": "DK.SD.BO",
      "land_area": 452,
      "name": "Nordfyns"
    },
    "pk": 66
  },
  {
    "model": "game.territory",
    "fields": {
      "owner": 1,
      "code": "DK.SD.NY",
      "land_area": 278,
      "name": "Nyborg"
    },
    "pk": 67
  },
  {
    "model": "game.territory",
    "fields": {
      "owner": 2,
      "code": "DK.MJ.OD",
      "land_area": 225,
      "name": "Odder"
    },
    "pk": 68
  },
  {
    "model": "game.territory",
    "fields": {
      "owner": 1,
      "code": "DK.SD.OD",
      "land_area": 304,
      "name": "Odense"
    },
    "pk": 69
  },
  {
    "model": "game.territory",
    "fields": {
      "owner": 3,
      "code": "DK.SL.OD",
      "land_area": 355,
      "name": "Odsherred"
    },
    "pk": 70
  },
  {
    "model": "game.territory",
    "fields": {
      "owner": 2,
      "code": "DK.MJ.RA",
      "land_area": 154,
      "name": "Randers"
    },
    "pk": 71
  },
  {
    "model": "game.territory",
    "fields": {
      "owner": 2,
      "code": "DK.ND.RE",
      "land_area": 628,
      "name": "Rebild"
    },
    "pk": 72
  },
  {
    "model": "game.territory",
    "fields": {
      "owner": 4,
      "code": "DK.MJ.RS",
      "land_area": 578,
      "name": "Ringkøbing-Skjern"
    },
    "pk": 73
  },
  {
    "model": "game.territory",
    "fields": {
      "owner": 3,
      "code": "DK.SL.RI",
      "land_area": 296,
      "name": "Ringsted"
    },
    "pk": 74
  },
  {
    "model": "game.territory",
    "fields": {
      "owner": 3,
      "code": "DK.HS.RO",
      "land_area": 12,
      "name": "Rødovre"
    },
    "pk": 75
  },
  {
    "model": "game.territory",
    "fields": {
      "owner": 3,
      "code": "DK.SL.RO",
      "land_area": 212,
      "name": "Roskilde"
    },
    "pk": 76
  },
  {
    "model": "game.territory",
    "fields": {
      "owner": 3,
      "code": "DK.HS.RU",
      "land_area": 74,
      "name": "Rudersdal"
    },
    "pk": 77
  },
  {
    "model": "game.territory",
    "fields": {
      "owner": 2,
      "code": "DK.MJ.SA",
      "land_area": 114,
      "name": "Samsø"
    },
    "pk": 78
  },
  {
    "model": "game.territory",
    "fields": {
      "owner": 4,
      "code": "DK.MJ.SI",
      "land_area": 256,
      "name": "Silkeborg"
    },
    "pk": 79
  },
  {
    "model": "game.territory",
    "fields": {
      "owner": 2,
      "code": "DK.MJ.SD",
      "land_area": 144,
      "name": "Skanderborg"
    },
    "pk": 80
  },
  {
    "model": "game.territory",
    "fields": {
      "owner": 4,
      "code": "DK.MJ.SV",
      "land_area": 231,
      "name": "Skive"
    },
    "pk": 81
  },
  {
    "model": "game.territory",
    "fields": {
      "owner": 3,
      "code": "DK.SL.SL",
      "land_area": 567,
      "name": "Slagelse"
    },
    "pk": 82
  },
  {
    "model": "game.territory",
    "fields": {
      "owner": 3,
      "code": "DK.SL.SD",
      "land_area": 40,
      "name": "Solrød"
    },
    "pk": 83
  },
  {
    "model": "game.territory",
    "fields": {
      "owner": 1,
      "code": "DK.SD.SO",
      "land_area": 497,
      "name": "Sønderborg"
    },
    "pk": 84
  },
  {
    "model": "game.territory",
    "fields": {
      "owner": 3,
      "code": "DK.SL.SO",
      "land_area": 311,
      "name": "Sorø"
    },
    "pk": 85
  },
  {
    "model": "game.territory",
    "fields": {
      "owner": 3,
      "code": "DK.SL.ST",
      "land_area": 250,
      "name": "Stevns"
    },
    "pk": 86
  },
  {
    "model": "game.territory",
    "fields": {
      "owner": 4,
      "code": "DK.MJ.ST",
      "land_area": 175,
      "name": "Struer"
    },
    "pk": 87
  },
  {
    "model": "game.territory",
    "fields": {
      "owner": 1,
      "code": "DK.SD.SV",
      "land_area": 418,
      "name": "Svendborg"
    },
    "pk": 88
  },
  {
    "model": "game.territory",
    "fields": {
      "owner": 2,
      "code": "DK.MJ.SY",
      "land_area": 697,
      "name": "Syddjurs"
    },
    "pk": 89
  },
  {
    "model": "game.territory",
    "fields": {
      "owner": 3,
      "code": "DK.HS.TA",
      "land_area": 65,
      "name": "Tårnby"
    },
    "pk": 90
  },
  {
    "model": "game.territory",
    "fields": {
      "owner": 4,
      "code": "DK.ND.TH",
      "land_area": 564,
      "name": "Thisted"
    },
    "pk": 91
  },
  {
    "model": "game.territory",
    "fields": {
      "owner": 1,
      "code": "DK.SD.TO",
      "land_area": 185,
      "name": "Tønder"
    },
    "pk": 92
  },
  {
    "model": "game.territory",
    "fields": {
      "owner": 3,
      "code": "DK.HS.VA",
      "land_area": 10,
      "name": "Vallensbæk"
    },
    "pk": 93
  },
  {
    "model": "game.territory",
    "fields": {
      "owner": 4,
      "code": "DK.SD.VA",
      "land_area": 251,
      "name": "Varde"
    },
    "pk": 94
  },
  {
    "model": "game.territory",
    "fields": {
      "owner": 1,
      "code": "DK.SD.VN",
      "land_area": 244,
      "name": "Vejen"
    },
    "pk": 95
  },
  {
    "model": "game.territory",
    "fields": {
      "owner": 2,
      "code": "DK.SD.VL",
      "land_area": 144,
      "name": "Vejle"
    },
    "pk": 96
  },
  {
    "model": "game.territory",
    "fields": {
      "owner": 4,
      "code": "DK.ND.VE",
      "land_area": 789,
      "name": "Vesthimmerlands"
    },
    "pk": 97
  },
  {
    "model": "game.territory",
    "fields": {
      "owner": 4,
      "code": "DK.MJ.VI",
      "land_area": 312,
      "name": "Viborg"
    },
    "pk": 98
  },
  {
    "model": "game.territory",
    "fields": {
      "owner": 3,
      "code": "DK.SL.VO",
      "land_area": 615,
      "name": "Vordingborg"
    },
    "pk": 99
  },
{"model": "game.resources",
"pk": 1,
"fields": {"currency": 107461,
"manufactured": 4,
"agricultural": 1000}},
{"model": "game.resources",
"pk": 2,
"fields": {"currency": 100000,
"manufactured": 10,
"agricultural": 1000}},
{"model": "game.resources",
"pk": 3,
"fields": {"currency": 100000,
"manufactured": 10,
"agricultural": 1000}},
{"model": "game.resources",
"pk": 4,
"fields": {"currency": 102000,
"manufactured": 16,
"agricultural": 1000}},
{"model": "game.resources",
"pk": 5,
"fields": {"currency": 7461,
"manufactured": 0,
"agricultural": 0}},
{"model": "game.resources",
"pk": 6,
"fields": {"currency": 0,
"manufactured": 6,
"agricultural": 0}},
{"model": "game.resources",
"pk": 7,
"fields": {"currency": 0,
"manufactured": 0,
"agricultural": 992}},
{"model": "game.resources",
"pk": 8,
"fields": {"currency": 0,
"manufactured": 0,
"agricultural": 0}},
{"model": "game.resources",
"pk": 77,
"fields": {"currency": 0,
"manufactured": 0,
"agricultural": 0}},
{"model": "game.resources",
"pk": 78,
"fields": {"currency": 0,
"manufactured": 0,
"agricultural": 0}},
{"model": "game.resources",
"pk": 83,
"fields": {"currency": 0,
"manufactured": 0,
"agricultural": 0}},
{"model": "game.resources",
"pk": 84,
"fields": {"currency": 0,
"manufactured": 0,
"agricultural": 0}},
{"model": "game.resources",
"pk": 85,
"fields": {"currency": 0,
"manufactured": 0,
"agricultural": 0}},
{"model": "game.resources",
"pk": 86,
"fields": {"currency": 0,
"manufactured": 0,
"agricultural": 0}},
{"model": "game.resources",
"pk": 87,
"fields": {"currency": 0,
"manufactured": 0,
"agricultural": 0}},
{"model": "game.resources",
"pk": 88,
"fields": {"currency": 0,
"manufactured": 0,
"agricultural": 0}},
{"model": "game.resources",
"pk": 119,
"fields": {"currency": 0,
"manufactured": 0,
"agricultural": 0}},
{"model": "game.resources",
"pk": 120,
"fields": {"currency": 0,
"manufactured": 0,
"agricultural": 0}},
{"model": "game.resources",
"pk": 121,
"fields": {"currency": 0,
"manufactured": 0,
"agricultural": 0}},
{"model": "game.resources",
"pk": 122,
"fields": {"currency": 0,
"manufactured": 0,
"agricultural": 0}},
{"model": "game.resources",
"pk": 123,
"fields": {"currency": 0,
"manufactured": 0,
"agricultural": 0}},
{"model": "game.resources",
"pk": 124,
"fields": {"currency": 0,
"manufactured": 0,
"agricultural": 0}},
{"model": "game.resources",
"pk": 125,
"fields": {"currency": 0,
"manufactured": 0,
"agricultural": 0}},
{"model": "game.resources",
"pk": 126,
"fields": {"currency": 0,
"manufactured": 0,
"agricultural": 0}},
{"model": "game.resources",
"pk": 127,
"fields": {"currency": 0,
"manufactured": 0,
"agricultural": 0}},
{"model": "game.resources",
"pk": 128,
"fields": {"currency": 0,
"manufactured": 0,
"agricultural": 0}},
{"model": "game.resources",
"pk": 129,
"fields": {"currency": 0,
"manufactured": 0,
"agricultural": 0}},
{"model": "game.resources",
"pk": 130,
"fields": {"currency": 0,
"manufactured": 0,
"agricultural": 0}},
{"model": "game.resources",
"pk": 135,
"fields": {"currency": 0,
"manufactured": 0,
"agricultural": 0}},
{"model": "game.resources",
"pk": 136,
"fields": {"currency": 0,
"manufactured": 0,
"agricultural": 0}},
{"model": "game.resources",
"pk": 139,
"fields": {"currency": 0,
"manufactured": 0,
"agricultural": 0}},
{"model": "game.resources",
"pk": 140,
"fields": {"currency": 0,
"manufactured": 0,
"agricultural": 0}},
{"model": "game.resources",
"pk": 141,
"fields": {"currency": 2000,
"manufactured": 0,
"agricultural": 0}},
{"model": "game.resources",
"pk": 142,
"fields": {"currency": 0,
"manufactured": 0,
"agricultural": 0}},
{"model": "game.resources",
"pk": 143,
"fields": {"currency": 0,
"manufactured": 3,
"agricultural": 0}},
{"model": "game.resources",
"pk": 144,
"fields": {"currency": 0,
"manufactured": 0,
"agricultural": 188}},
{"model": "game.resources",
"pk": 145,
"fields": {"currency": 100,
"manufactured": 0,
"agricultural": 0}},
{"model": "game.resources",
"pk": 146,
"fields": {"currency": 0,
"manufactured": 1,
"agricultural": 0}},
{"model": "game.resources",
"pk": 147,
"fields": {"currency": 98466,
"manufactured": 2,
"agricultural": 0}},
{"model": "game.resources",
"pk": 148,
"fields": {"currency": 0,
"manufactured": 0,
"agricultural": 22}},
{"model": "game.resources",
"pk": 149,
"fields": {"currency": 0,
"manufactured": 2,
"agricultural": 0}},
{"model": "game.resources",
"pk": 150,
"fields": {"currency": 0,
"manufactured": 0,
"agricultural": 87}},
{"model": "game.resources",
"pk": 153,
"fields": {"currency": 0,
"manufactured": 0,
"agricultural": 0}},
{"model": "game.resources",
"pk": 154,
"fields": {"currency": 0,
"manufactured": 0,
"agricultural": 621}},
{"model": "game.resources",
"pk": 155,
"fields": {"currency": 0,
"manufactured": 1,
"agricultural": 0}},
{"model": "game.resources",
"pk": 156,
"fields": {"currency": 0,
"manufactured": 0,
"agricultural": 13}},
{"model": "game.resources",
"pk": 157,
"fields": {"currency": 16346,
"manufactured": 0,
"agricultural": 0}},
{"model": "game.resources",
"pk": 158,
"fields": {"currency": 0,
"manufactured": 10,
"agricultural": 1000}},
{"model": "game.exchange",
"pk": 1,
"fields": {"offeror": 4,
"offeror_resources": 5,
"offeror_territory": null,
"offeror_bond": null,
"offeror_as_bond": false,
"offeror_as_bond_maturity": 0,
"offeree": 1,
"offeree_resources": 6,
"offeree_territory": null,
"offeree_bond": null,
"offeree_as_bond": false,
"offeree_as_bond_maturity": 0,
"state": "A",
"offer_date": "2016-04-05T21:37:12.576",
"answer_date": "2016-04-05T21:38:23.131"}},
{"model": "game.exchange",
"pk": 2,
"fields": {"offeror": 4,
"offeror_resources": 7,
"offeror_territory": null,
"offeror_bond": null,
"offeror_as_bond": false,
"offeror_as_bond_maturity": 0,
"offeree": 2,
"offeree_resources": 8,
"offeree_territory": null,
"offeree_bond": null,
"offeree_as_bond": false,
"offeree_as_bond_maturity": 0,
"state": "W",
"offer_date": "2016-04-05T21:51:49.803",
"answer_date": null}},
{"model": "game.exchange",
"pk": 3,
"fields": {"offeror": 4,
"offeror_resources": 135,
"offeror_territory": 86,
"offeror_bond": null,
"offeror_as_bond": false,
"offeror_as_bond_maturity": 0,
"offeree": 3,
"offeree_resources": 136,
"offeree_territory": null,
"offeree_bond": null,
"offeree_as_bond": false,
"offeree_as_bond_maturity": 0,
"state": "C",
"offer_date": "2016-04-05T23:01:47.798",
"answer_date": "2016-04-05T23:10:56.972"}},
{"model": "game.exchange",
"pk": 4,
"fields": {"offeror": 4,
"offeror_resources": 139,
"offeror_territory": 86,
"offeror_bond": null,
"offeror_as_bond": false,
"offeror_as_bond_maturity": 0,
"offeree": 3,
"offeree_resources": 140,
"offeree_territory": 36,
"offeree_bond": null,
"offeree_as_bond": false,
"offeree_as_bond_maturity": 0,
"state": "R",
"offer_date": "2016-04-05T23:09:09.227",
"answer_date": "2016-04-05T23:33:16.279"}},
{"model": "game.exchange",
"pk": 5,
"fields": {"offeror": 1,
"offeror_resources": 141,
"offeror_territory": null,
"offeror_bond": null,
"offeror_as_bond": false,
"offeror_as_bond_maturity": 0,
"offeree": 4,
"offeree_resources": 142,
"offeree_territory": null,
"offeree_bond": null,
"offeree_as_bond": false,
"offeree_as_bond_maturity": 0,
"state": "A",
"offer_date": "2016-04-05T23:13:07.540",
"answer_date": "2016-04-05T23:20:58.902"}},
{"model": "game.exchange",
"pk": 6,
"fields": {"offeror": 1,
"offeror_resources": 143,
"offeror_territory": null,
"offeror_bond": null,
"offeror_as_bond": false,
"offeror_as_bond_maturity": 0,
"offeree": 3,
"offeree_resources": 144,
"offeree_territory": null,
"offeree_bond": null,
"offeree_as_bond": false,
"offeree_as_bond_maturity": 0,
"state": "W",
"offer_date": "2016-04-05T23:14:32.314",
"answer_date": null}},
{"model": "game.exchange",
"pk": 7,
"fields": {"offeror": 1,
"offeror_resources": 145,
"offeror_territory": 32,
"offeror_bond": null,
"offeror_as_bond": false,
"offeror_as_bond_maturity": 0,
"offeree": 2,
"offeree_resources": 146,
"offeree_territory": null,
"offeree_bond": null,
"offeree_as_bond": false,
"offeree_as_bond_maturity": 0,
"state": "W",
"offer_date": "2016-04-05T23:16:58.829",
"answer_date": null}},
{"model": "game.exchange",
"pk": 8,
"fields": {"offeror": 3,
"offeror_resources": 147,
"offeror_territory": 2,
"offeror_bond": null,
"offeror_as_bond": false,
"offeror_as_bond_maturity": 0,
"offeree": 1,
"offeree_resources": 148,
"offeree_territory": null,
"offeree_bond": null,
"offeree_as_bond": false,
"offeree_as_bond_maturity": 0,
"state": "W",
"offer_date": "2016-04-05T23:19:08.202",
"answer_date": null}},
{"model": "game.exchange",
"pk": 9,
"fields": {"offeror": 3,
"offeror_resources": 149,
"offeror_territory": null,
"offeror_bond": null,
"offeror_as_bond": false,
"offeror_as_bond_maturity": 0,
"offeree": 2,
"offeree_resources": 150,
"offeree_territory": null,
"offeree_bond": null,
"offeree_as_bond": false,
"offeree_as_bond_maturity": 0,
"state": "W",
"offer_date": "2016-04-05T23:19:23.461",
"answer_date": null}},
{"model": "game.exchange",
"pk": 10,
"fields": {"offeror": 3,
"offeror_resources": 153,
"offeror_territory": 87,
"offeror_bond": null,
"offeror_as_bond": false,
"offeror_as_bond_maturity": 0,
"offeree": 4,
"offeree_resources": 154,
"offeree_territory": null,
"offeree_bond": null,
"offeree_as_bond": false,
"offeree_as_bond_maturity": 0,
"state": "W",
"offer_date": "2016-04-05T23:20:10.230",
"answer_date": null}},
{"model": "game.exchange",
"pk": 11,
"fields": {"offeror": 3,
"offeror_resources": 155,
"offeror_territory": null,
"offeror_bond": null,
"offeror_as_bond": false,
"offeror_as_bond_maturity": 0,
"offeree": 4,
"offeree_resources": 156,
"offeree_territory": null,
"offeree_bond": null,
"offeree_as_bond": false,
"offeree_as_bond_maturity": 0,
"state": "W",
"offer_date": "2016-04-05T23:20:53.755",
"answer_date": null}},
{"model": "game.exchange",
"pk": 12,
"fields": {"offeror": 4,
"offeror_resources": 157,
"offeror_territory": null,
"offeror_bond": null,
"offeror_as_bond": false,
"offeror_as_bond_maturity": 0,
"offeree": 2,
"offeree_resources": 158,
"offeree_territory": 32,
"offeree_bond": null,
"offeree_as_bond": false,
"offeree_as_bond_maturity": 0,
"state": "W",
"offer_date": "2016-04-05T23:29:18.643",
"answer_date": null}}
]
