[
  {
    "model": "auth.user",
    "pk": 1,
    "fields": {
      "password": "pbkdf2_sha256$24000$2YcSGaOpGbzo$Ng3+TnupV99pCFdrlgRN7wHlGDqVmmyCkZqQ+5J1N+w=",
      "last_login": null, "is_superuser": true,
      "username": "johnny",
      "first_name": "",
      "last_name": "", "email": "",
      "is_staff": true,
      "is_active": true,
      "date_joined": "2016-04-01T19:43:44.400",
      "groups": [],
      "user_permissions": []
    }
  },
  {
    "model": "auth.user",
    "pk": 2,
    "fields": {
      "password": "pbkdf2_sha256$24000$RpaHHBwcV2Sw$aWTqnndcZfcZAs//88O7PMBfJXPYds0EllCz0EyKwck=",
      "last_login": null,
      "is_superuser": true,
      "username": "victor",
      "first_name": "",
      "last_name": "",
      "email": "",
      "is_staff": true,
      "is_active": true,
      "date_joined": "2016-04-01T19:44:01.824",
      "groups": [], "user_permissions": []
    }
  },
  {
    "model": "auth.user",
    "pk": 3,
    "fields": {
      "password": "pbkdf2_sha256$24000$pGDe97lYmy8g$R3e6uaB0ZPFl9rAp6mlsR51YihBUiFBmNxVWzoIzQA4=",
      "last_login": null,
      "is_superuser": true,
      "username": "clauss",
      "first_name": "",
      "last_name": "",
      "email": "",
      "is_staff": true,
      "is_active": true,
      "date_joined": "2016-04-01T19:44:16.727",
      "groups": [],
      "user_permissions": []
    }
  },
  {
    "model": "auth.user",
    "pk": 4,
    "fields": {
      "password": "pbkdf2_sha256$24000$tk1aTLpsNw3j$EN/LuR2tSfxStZxT3yTg/sMwNh1XhV2UQNfvA9PzTXw=",
      "last_login": null,
      "is_superuser": true,
      "username": "paulo",
      "first_name": "",
      "last_name": "",
      "email": "",
      "is_staff": true,
      "is_active": true,
      "date_joined": "2016-04-01T19:44:39.352",
      "groups": [],
      "user_permissions": []
    }
  },
  {
    "model": "game.player",
    "pk": 1,
    "fields": {
      "user": 1,
      "resources": 1,
      "delinquency": 0
    }
  },
  {
    "model": "game.player",
    "pk": 2,
    "fields": {
      "user": 2,
      "resources": 2,
      "delinquency": 0
    }
  },
      {
    "model": "game.player",
    "pk": 3,
    "fields": {
      "user": 3,
      "resources": 3,
      "delinquency": 0
    }
  },
  {
    "model": "game.player",
    "pk": 4,
    "fields": {
      "user": 4,
      "resources": 4,
      "delinquency": 0
    }
  },
  {
    "fields": {
      "land_area": 312,
      "owner": 1,
      "name": "Hjørring"
    },
    "pk": 1,
    "model": "game.territory"
  },
  {
    "fields": {
      "land_area": 317,
      "owner": 1,
      "name": "Brønderslev"
    },
    "pk": 2,
    "model": "game.territory"
  },
  {
    "fields": {
      "land_area": 863,
      "owner": 1,
      "name": "Jammerbugt"
    },
    "pk": 3,
    "model": "game.territory"
  },
  {
    "fields": {
      "land_area": 561,
      "owner": 1,
      "name": "Aalborg"
    },
    "pk": 4,
    "model": "game.territory"
  },
  {
    "fields": {
      "land_area": 789,
      "owner": 1,
      "name": "Vesthimmerlands"
    },
    "pk": 5,
    "model": "game.territory"
  },
  {
    "fields": {
      "land_area": 628,
      "owner": 1,
      "name": "Rebild"
    },
    "pk": 6,
    "model": "game.territory"
  },
  {
    "fields": {
      "land_area": 769,
      "owner": 1,
      "name": "Mariagerfjord"
    },
    "pk": 7,
    "model": "game.territory"
  },
  {
    "fields": {
      "land_area": 564,
      "owner": 1,
      "name": "Thisted"
    },
    "pk": 8,
    "model": "game.territory"
  },
  {
    "fields": {
      "land_area": 312,
      "owner": 1,
      "name": "Viborg"
    },
    "pk": 9,
    "model": "game.territory"
  },
  {
    "fields": {
      "land_area": 154,
      "owner": 1,
      "name": "Randers"
    },
    "pk": 10,
    "model": "game.territory"
  },
  {
    "fields": {
      "land_area": 231,
      "owner": 1,
      "name": "Skive"
    },
    "pk": 11,
    "model": "game.territory"
  },
  {
    "fields": {
      "land_area": 368,
      "owner": 1,
      "name": "Morsø"
    },
    "pk": 12,
    "model": "game.territory"
  },
  {
    "fields": {
      "land_area": 175,
      "owner": 1,
      "name": "Struer"
    },
    "pk": 13,
    "model": "game.territory"
  },
  {
    "fields": {
      "land_area": 466,
      "owner": 1,
      "name": "Lemvig"
    },
    "pk": 14,
    "model": "game.territory"
  },
  {
    "fields": {
      "land_area": 351,
      "owner": 1,
      "name": "Holstebro"
    },
    "pk": 15,
    "model": "game.territory"
  },
  {
    "fields": {
      "land_area": 578,
      "owner": 1,
      "name": "Ringkøbing-Skjern"
    },
    "pk": 16,
    "model": "game.territory"
  },
  {
    "fields": {
      "land_area": 542,
      "owner": 1,
      "name": "Herning"
    },
    "pk": 17,
    "model": "game.territory"
  },
  {
    "fields": {
      "land_area": 734,
      "owner": 1,
      "name": "Ikast-Brande"
    },
    "pk": 18,
    "model": "game.territory"
  },
  {
    "fields": {
      "land_area": 256,
      "owner": 1,
      "name": "Silkeborg"
    },
    "pk": 19,
    "model": "game.territory"
  },
  {
    "fields": {
      "land_area": 541,
      "owner": 1,
      "name": "Favrskov"
    },
    "pk": 20,
    "model": "game.territory"
  },
  {
    "fields": {
      "land_area": 724,
      "owner": 1,
      "name": "Norddjurs"
    },
    "pk": 21,
    "model": "game.territory"
  },
  {
    "fields": {
      "land_area": 697,
      "owner": 1,
      "name": "Syddjurs"
    },
    "pk": 22,
    "model": "game.territory"
  },
  {
    "fields": {
      "land_area": 268,
      "owner": 1,
      "name": "Aarhus"
    },
    "pk": 23,
    "model": "game.territory"
  },
  {
    "fields": {
      "land_area": 144,
      "owner": 1,
      "name": "Skanderborg"
    },
    "pk": 24,
    "model": "game.territory"
  },
  {
    "fields": {
      "land_area": 542,
      "owner": 2,
      "name": "Horsens"
    },
    "pk": 25,
    "model": "game.territory"
  },
  {
    "fields": {
      "land_area": 225,
      "owner": 2,
      "name": "Odder"
    },
    "pk": 26,
    "model": "game.territory"
  },
  {
    "fields": {
      "land_area": 138,
      "owner": 2,
      "name": "Hedensted"
    },
    "pk": 27,
    "model": "game.territory"
  },
  {
    "fields": {
      "land_area": 144,
      "owner": 2,
      "name": "Vejle"
    },
    "pk": 28,
    "model": "game.territory"
  },
  {
    "fields": {
      "land_area": 155,
      "owner": 2,
      "name": "Billund"
    },
    "pk": 29,
    "model": "game.territory"
  },
  {
    "fields": {
      "land_area": 251,
      "owner": 2,
      "name": "Varde"
    },
    "pk": 30,
    "model": "game.territory"
  },
  {
    "fields": {
      "land_area": 221,
      "owner": 2,
      "name": "Esbjerg"
    },
    "pk": 31,
    "model": "game.territory"
  },
  {
    "fields": {
      "land_area": 56,
      "owner": 2,
      "name": "Fanø"
    },
    "pk": 32,
    "model": "game.territory"
  },
  {
    "fields": {
      "land_area": 244,
      "owner": 2,
      "name": "Vejen"
    },
    "pk": 33,
    "model": "game.territory"
  },
  {
    "fields": {
      "land_area": 239,
      "owner": 2,
      "name": "Kolding"
    },
    "pk": 34,
    "model": "game.territory"
  },
  {
    "fields": {
      "land_area": 272,
      "owner": 2,
      "name": "Haderslev"
    },
    "pk": 35,
    "model": "game.territory"
  },
  {
    "fields": {
      "land_area": 135,
      "owner": 2,
      "name": "Fredericia"
    },
    "pk": 36,
    "model": "game.territory"
  },
  {
    "fields": {
      "land_area": 185,
      "owner": 2,
      "name": "Tønder"
    },
    "pk": 37,
    "model": "game.territory"
  },
  {
    "fields": {
      "land_area": 173,
      "owner": 2,
      "name": "Aabenraa"
    },
    "pk": 38,
    "model": "game.territory"
  },
  {
    "fields": {
      "land_area": 149,
      "owner": 2,
      "name": "Sønderborg"
    },
    "pk": 39,
    "model": "game.territory"
  },
  {
    "fields": {
      "land_area": 153,
      "owner": 2,
      "name": "Middelfart"
    },
    "pk": 40,
    "model": "game.territory"
  },
  {
    "fields": {
      "land_area": 130,
      "owner": 2,
      "name": "Assens"
    },
    "pk": 41,
    "model": "game.territory"
  },
  {
    "fields": {
      "land_area": 200,
      "owner": 2,
      "name": "Nordfyns"
    },
    "pk": 42,
    "model": "game.territory"
  },
  {
    "fields": {
      "land_area": 179,
      "owner": 2,
      "name": "Odense"
    },
    "pk": 43,
    "model": "game.territory"
  },
  {
    "fields": {
      "land_area": 174,
      "owner": 2,
      "name": "Kerteminde"
    },
    "pk": 44,
    "model": "game.territory"
  },
  {
    "fields": {
      "land_area": 153,
      "owner": 2,
      "name": "Faaborg-Midtfyn"
    },
    "pk": 45,
    "model": "game.territory"
  },
  {
    "fields": {
      "land_area": 171,
      "owner": 2,
      "name": "Nyborg"
    },
    "pk": 46,
    "model": "game.territory"
  },
  {
    "fields": {
      "land_area": 162,
      "owner": 2,
      "name": "Svendborg"
    },
    "pk": 47,
    "model": "game.territory"
  },
  {
    "fields": {
      "land_area": 182,
      "owner": 2,
      "name": "Ærø"
    },
    "pk": 48,
    "model": "game.territory"
  },
  {
    "fields": {
      "land_area": 162,
      "owner": 3,
      "name": "Langeland"
    },
    "pk": 49,
    "model": "game.territory"
  },
  {
    "fields": {
      "land_area": 107,
      "owner": 3,
      "name": "Lolland"
    },
    "pk": 50,
    "model": "game.territory"
  },
  {
    "fields": {
      "land_area": 141,
      "owner": 3,
      "name": "Guldborgsund"
    },
    "pk": 51,
    "model": "game.territory"
  },
  {
    "fields": {
      "land_area": 111,
      "owner": 3,
      "name": "Vordingborg"
    },
    "pk": 52,
    "model": "game.territory"
  },
  {
    "fields": {
      "land_area": 168,
      "owner": 3,
      "name": "Næstved"
    },
    "pk": 53,
    "model": "game.territory"
  },
  {
    "fields": {
      "land_area": 167,
      "owner": 3,
      "name": "Faxe"
    },
    "pk": 54,
    "model": "game.territory"
  },
  {
    "fields": {
      "land_area": 190,
      "owner": 3,
      "name": "Ringsted"
    },
    "pk": 55,
    "model": "game.territory"
  },
  {
    "fields": {
      "land_area": 116,
      "owner": 3,
      "name": "Stevns"
    },
    "pk": 56,
    "model": "game.territory"
  },
  {
    "fields": {
      "land_area": 167,
      "owner": 3,
      "name": "Slagelse"
    },
    "pk": 57,
    "model": "game.territory"
  },
  {
    "fields": {
      "land_area": 125,
      "owner": 3,
      "name": "Sorø"
    },
    "pk": 58,
    "model": "game.territory"
  },
  {
    "fields": {
      "land_area": 105,
      "owner": 3,
      "name": "Køge"
    },
    "pk": 59,
    "model": "game.territory"
  },
  {
    "fields": {
      "land_area": 188,
      "owner": 3,
      "name": "Kalundborg"
    },
    "pk": 60,
    "model": "game.territory"
  },
  {
    "fields": {
      "land_area": 198,
      "owner": 3,
      "name": "Holbæk"
    },
    "pk": 61,
    "model": "game.territory"
  },
  {
    "fields": {
      "land_area": 117,
      "owner": 3,
      "name": "Lejre"
    },
    "pk": 62,
    "model": "game.territory"
  },
  {
    "fields": {
      "land_area": 183,
      "owner": 3,
      "name": "Roskilde"
    },
    "pk": 63,
    "model": "game.territory"
  },
  {
    "fields": {
      "land_area": 170,
      "owner": 3,
      "name": "Solrød"
    },
    "pk": 64,
    "model": "game.territory"
  },
  {
    "fields": {
      "land_area": 150,
      "owner": 3,
      "name": "Høje-Taastrup"
    },
    "pk": 65,
    "model": "game.territory"
  },
  {
    "fields": {
      "land_area": 102,
      "owner": 3,
      "name": "Ishøj"
    },
    "pk": 66,
    "model": "game.territory"
  },
  {
    "fields": {
      "land_area": 121,
      "owner": 3,
      "name": "Vallensbæk"
    },
    "pk": 67,
    "model": "game.territory"
  },
  {
    "fields": {
      "land_area": 152,
      "owner": 3,
      "name": "Albertslund"
    },
    "pk": 68,
    "model": "game.territory"
  },
  {
    "fields": {
      "land_area": 196,
      "owner": 3,
      "name": "Brøndby"
    },
    "pk": 69,
    "model": "game.territory"
  },
  {
    "fields": {
      "land_area": 163,
      "owner": 3,
      "name": "Glostrup"
    },
    "pk": 70,
    "model": "game.territory"
  },
  {
    "fields": {
      "land_area": 137,
      "owner": 3,
      "name": "Ballerup"
    },
    "pk": 71,
    "model": "game.territory"
  },
  {
    "fields": {
      "land_area": 172,
      "owner": 3,
      "name": "Hvidovre"
    },
    "pk": 72,
    "model": "game.territory"
  },
  {
    "fields": {
      "land_area": 136,
      "owner": 4,
      "name": "Rødovre"
    },
    "pk": 73,
    "model": "game.territory"
  },
  {
    "fields": {
      "land_area": 127,
      "owner": 4,
      "name": "København"
    },
    "pk": 74,
    "model": "game.territory"
  },
  {
    "fields": {
      "land_area": 113,
      "owner": 4,
      "name": "Frederiksberg"
    },
    "pk": 75,
    "model": "game.territory"
  },
  {
    "fields": {
      "land_area": 157,
      "owner": 4,
      "name": "Tårnby"
    },
    "pk": 76,
    "model": "game.territory"
  },
  {
    "fields": {
      "land_area": 165,
      "owner": 4,
      "name": "Dragør"
    },
    "pk": 77,
    "model": "game.territory"
  },
  {
    "fields": {
      "land_area": 132,
      "owner": 4,
      "name": "Herlev"
    },
    "pk": 78,
    "model": "game.territory"
  },
  {
    "fields": {
      "land_area": 181,
      "owner": 4,
      "name": "Ballerup"
    },
    "pk": 79,
    "model": "game.territory"
  },
  {
    "fields": {
      "land_area": 125,
      "owner": 4,
      "name": "Egedal"
    },
    "pk": 80,
    "model": "game.territory"
  },
  {
    "fields": {
      "land_area": 103,
      "owner": 4,
      "name": "Frederikssund"
    },
    "pk": 81,
    "model": "game.territory"
  },
  {
    "fields": {
      "land_area": 158,
      "owner": 4,
      "name": "Halsnæs"
    },
    "pk": 82,
    "model": "game.territory"
  },
  {
    "fields": {
      "land_area": 104,
      "owner": 4,
      "name": "Hillerød"
    },
    "pk": 83,
    "model": "game.territory"
  },
  {
    "fields": {
      "land_area": 188,
      "owner": 4,
      "name": "Gribskov"
    },
    "pk": 84,
    "model": "game.territory"
  },
  {
    "fields": {
      "land_area": 200,
      "owner": 4,
      "name": "Helsingør"
    },
    "pk": 85,
    "model": "game.territory"
  },
  {
    "fields": {
      "land_area": 111,
      "owner": 4,
      "name": "Fredensborg"
    },
    "pk": 86,
    "model": "game.territory"
  },
  {
    "fields": {
      "land_area": 194,
      "owner": 4,
      "name": "Allerød"
    },
    "pk": 87,
    "model": "game.territory"
  },
  {
    "fields": {
      "land_area": 166,
      "owner": 4,
      "name": "Furesø"
    },
    "pk": 88,
    "model": "game.territory"
  },
  {
    "fields": {
      "land_area": 169,
      "owner": 4,
      "name": "Gladsaxe"
    },
    "pk": 89,
    "model": "game.territory"
  },
  {
    "fields": {
      "land_area": 164,
      "owner": 4,
      "name": "Gentofte"
    },
    "pk": 90,
    "model": "game.territory"
  },
  {
    "fields": {
      "land_area": 178,
      "owner": 4,
      "name": "Rudersdal"
    },
    "pk": 91,
    "model": "game.territory"
  },
  {
    "fields": {
      "land_area": 181,
      "owner": 4,
      "name": "Hørsholm"
    },
    "pk": 92,
    "model": "game.territory"
  },
  {
    "fields": {
      "land_area": 189,
      "owner": 4,
      "name": "Lyngby-Taarbæk"
    },
    "pk": 93,
    "model": "game.territory"
  },
  {
    "fields": {
      "land_area": 143,
      "owner": 4,
      "name": "Samsø"
    },
    "pk": 94,
    "model": "game.territory"
  },
  {
    "fields": {
      "land_area": 176,
      "owner": 4,
      "name": "Norddjurs"
    },
    "pk": 95,
    "model": "game.territory"
  },
  {
    "fields": {
      "land_area": 103,
      "owner": 4,
      "name": "Læsø"
    },
    "pk": 96,
    "model": "game.territory"
  },
  {
    "fields": {
      "land_area": 180,
      "owner": 1,
      "name": "Frederikshavn"
    },
    "pk": 97,
    "model": "game.territory"
  },
{"model": "game.resources",
"pk": 1,
"fields": {"currency": 107461,
"manufactured": 4,
"agricultural": 1000}},
{"model": "game.resources",
"pk": 2,
"fields": {"currency": 100000,
"manufactured": 10,
"agricultural": 1000}},
{"model": "game.resources",
"pk": 3,
"fields": {"currency": 100000,
"manufactured": 10,
"agricultural": 1000}},
{"model": "game.resources",
"pk": 4,
"fields": {"currency": 102000,
"manufactured": 16,
"agricultural": 1000}},
{"model": "game.resources",
"pk": 5,
"fields": {"currency": 7461,
"manufactured": 0,
"agricultural": 0}},
{"model": "game.resources",
"pk": 6,
"fields": {"currency": 0,
"manufactured": 6,
"agricultural": 0}},
{"model": "game.resources",
"pk": 7,
"fields": {"currency": 0,
"manufactured": 0,
"agricultural": 992}},
{"model": "game.resources",
"pk": 8,
"fields": {"currency": 0,
"manufactured": 0,
"agricultural": 0}},
{"model": "game.resources",
"pk": 77,
"fields": {"currency": 0,
"manufactured": 0,
"agricultural": 0}},
{"model": "game.resources",
"pk": 78,
"fields": {"currency": 0,
"manufactured": 0,
"agricultural": 0}},
{"model": "game.resources",
"pk": 83,
"fields": {"currency": 0,
"manufactured": 0,
"agricultural": 0}},
{"model": "game.resources",
"pk": 84,
"fields": {"currency": 0,
"manufactured": 0,
"agricultural": 0}},
{"model": "game.resources",
"pk": 85,
"fields": {"currency": 0,
"manufactured": 0,
"agricultural": 0}},
{"model": "game.resources",
"pk": 86,
"fields": {"currency": 0,
"manufactured": 0,
"agricultural": 0}},
{"model": "game.resources",
"pk": 87,
"fields": {"currency": 0,
"manufactured": 0,
"agricultural": 0}},
{"model": "game.resources",
"pk": 88,
"fields": {"currency": 0,
"manufactured": 0,
"agricultural": 0}},
{"model": "game.resources",
"pk": 119,
"fields": {"currency": 0,
"manufactured": 0,
"agricultural": 0}},
{"model": "game.resources",
"pk": 120,
"fields": {"currency": 0,
"manufactured": 0,
"agricultural": 0}},
{"model": "game.resources",
"pk": 121,
"fields": {"currency": 0,
"manufactured": 0,
"agricultural": 0}},
{"model": "game.resources",
"pk": 122,
"fields": {"currency": 0,
"manufactured": 0,
"agricultural": 0}},
{"model": "game.resources",
"pk": 123,
"fields": {"currency": 0,
"manufactured": 0,
"agricultural": 0}},
{"model": "game.resources",
"pk": 124,
"fields": {"currency": 0,
"manufactured": 0,
"agricultural": 0}},
{"model": "game.resources",
"pk": 125,
"fields": {"currency": 0,
"manufactured": 0,
"agricultural": 0}},
{"model": "game.resources",
"pk": 126,
"fields": {"currency": 0,
"manufactured": 0,
"agricultural": 0}},
{"model": "game.resources",
"pk": 127,
"fields": {"currency": 0,
"manufactured": 0,
"agricultural": 0}},
{"model": "game.resources",
"pk": 128,
"fields": {"currency": 0,
"manufactured": 0,
"agricultural": 0}},
{"model": "game.resources",
"pk": 129,
"fields": {"currency": 0,
"manufactured": 0,
"agricultural": 0}},
{"model": "game.resources",
"pk": 130,
"fields": {"currency": 0,
"manufactured": 0,
"agricultural": 0}},
{"model": "game.resources",
"pk": 135,
"fields": {"currency": 0,
"manufactured": 0,
"agricultural": 0}},
{"model": "game.resources",
"pk": 136,
"fields": {"currency": 0,
"manufactured": 0,
"agricultural": 0}},
{"model": "game.resources",
"pk": 139,
"fields": {"currency": 0,
"manufactured": 0,
"agricultural": 0}},
{"model": "game.resources",
"pk": 140,
"fields": {"currency": 0,
"manufactured": 0,
"agricultural": 0}},
{"model": "game.resources",
"pk": 141,
"fields": {"currency": 2000,
"manufactured": 0,
"agricultural": 0}},
{"model": "game.resources",
"pk": 142,
"fields": {"currency": 0,
"manufactured": 0,
"agricultural": 0}},
{"model": "game.resources",
"pk": 143,
"fields": {"currency": 0,
"manufactured": 3,
"agricultural": 0}},
{"model": "game.resources",
"pk": 144,
"fields": {"currency": 0,
"manufactured": 0,
"agricultural": 188}},
{"model": "game.resources",
"pk": 145,
"fields": {"currency": 100,
"manufactured": 0,
"agricultural": 0}},
{"model": "game.resources",
"pk": 146,
"fields": {"currency": 0,
"manufactured": 1,
"agricultural": 0}},
{"model": "game.resources",
"pk": 147,
"fields": {"currency": 98466,
"manufactured": 2,
"agricultural": 0}},
{"model": "game.resources",
"pk": 148,
"fields": {"currency": 0,
"manufactured": 0,
"agricultural": 22}},
{"model": "game.resources",
"pk": 149,
"fields": {"currency": 0,
"manufactured": 2,
"agricultural": 0}},
{"model": "game.resources",
"pk": 150,
"fields": {"currency": 0,
"manufactured": 0,
"agricultural": 87}},
{"model": "game.resources",
"pk": 153,
"fields": {"currency": 0,
"manufactured": 0,
"agricultural": 0}},
{"model": "game.resources",
"pk": 154,
"fields": {"currency": 0,
"manufactured": 0,
"agricultural": 621}},
{"model": "game.resources",
"pk": 155,
"fields": {"currency": 0,
"manufactured": 1,
"agricultural": 0}},
{"model": "game.resources",
"pk": 156,
"fields": {"currency": 0,
"manufactured": 0,
"agricultural": 13}},
{"model": "game.resources",
"pk": 157,
"fields": {"currency": 16346,
"manufactured": 0,
"agricultural": 0}},
{"model": "game.resources",
"pk": 158,
"fields": {"currency": 0,
"manufactured": 10,
"agricultural": 1000}},
{"model": "game.exchange",
"pk": 1,
"fields": {"offeror": 4,
"offeror_resources": 5,
"offeror_territory": null,
"offeror_bond": null,
"offeror_as_bond": false,
"offeror_as_bond_maturity": 0,
"offeree": 1,
"offeree_resources": 6,
"offeree_territory": null,
"offeree_bond": null,
"offeree_as_bond": false,
"offeree_as_bond_maturity": 0,
"state": "A",
"offer_date": "2016-04-05T21:37:12.576",
"answer_date": "2016-04-05T21:38:23.131"}},
{"model": "game.exchange",
"pk": 2,
"fields": {"offeror": 4,
"offeror_resources": 7,
"offeror_territory": null,
"offeror_bond": null,
"offeror_as_bond": false,
"offeror_as_bond_maturity": 0,
"offeree": 2,
"offeree_resources": 8,
"offeree_territory": null,
"offeree_bond": null,
"offeree_as_bond": false,
"offeree_as_bond_maturity": 0,
"state": "W",
"offer_date": "2016-04-05T21:51:49.803",
"answer_date": null}},
{"model": "game.exchange",
"pk": 3,
"fields": {"offeror": 4,
"offeror_resources": 135,
"offeror_territory": 86,
"offeror_bond": null,
"offeror_as_bond": false,
"offeror_as_bond_maturity": 0,
"offeree": 3,
"offeree_resources": 136,
"offeree_territory": null,
"offeree_bond": null,
"offeree_as_bond": false,
"offeree_as_bond_maturity": 0,
"state": "C",
"offer_date": "2016-04-05T23:01:47.798",
"answer_date": "2016-04-05T23:10:56.972"}},
{"model": "game.exchange",
"pk": 4,
"fields": {"offeror": 4,
"offeror_resources": 139,
"offeror_territory": 86,
"offeror_bond": null,
"offeror_as_bond": false,
"offeror_as_bond_maturity": 0,
"offeree": 3,
"offeree_resources": 140,
"offeree_territory": 36,
"offeree_bond": null,
"offeree_as_bond": false,
"offeree_as_bond_maturity": 0,
"state": "R",
"offer_date": "2016-04-05T23:09:09.227",
"answer_date": "2016-04-05T23:33:16.279"}},
{"model": "game.exchange",
"pk": 5,
"fields": {"offeror": 1,
"offeror_resources": 141,
"offeror_territory": null,
"offeror_bond": null,
"offeror_as_bond": false,
"offeror_as_bond_maturity": 0,
"offeree": 4,
"offeree_resources": 142,
"offeree_territory": null,
"offeree_bond": null,
"offeree_as_bond": false,
"offeree_as_bond_maturity": 0,
"state": "A",
"offer_date": "2016-04-05T23:13:07.540",
"answer_date": "2016-04-05T23:20:58.902"}},
{"model": "game.exchange",
"pk": 6,
"fields": {"offeror": 1,
"offeror_resources": 143,
"offeror_territory": null,
"offeror_bond": null,
"offeror_as_bond": false,
"offeror_as_bond_maturity": 0,
"offeree": 3,
"offeree_resources": 144,
"offeree_territory": null,
"offeree_bond": null,
"offeree_as_bond": false,
"offeree_as_bond_maturity": 0,
"state": "W",
"offer_date": "2016-04-05T23:14:32.314",
"answer_date": null}},
{"model": "game.exchange",
"pk": 7,
"fields": {"offeror": 1,
"offeror_resources": 145,
"offeror_territory": 32,
"offeror_bond": null,
"offeror_as_bond": false,
"offeror_as_bond_maturity": 0,
"offeree": 2,
"offeree_resources": 146,
"offeree_territory": null,
"offeree_bond": null,
"offeree_as_bond": false,
"offeree_as_bond_maturity": 0,
"state": "W",
"offer_date": "2016-04-05T23:16:58.829",
"answer_date": null}},
{"model": "game.exchange",
"pk": 8,
"fields": {"offeror": 3,
"offeror_resources": 147,
"offeror_territory": 2,
"offeror_bond": null,
"offeror_as_bond": false,
"offeror_as_bond_maturity": 0,
"offeree": 1,
"offeree_resources": 148,
"offeree_territory": null,
"offeree_bond": null,
"offeree_as_bond": false,
"offeree_as_bond_maturity": 0,
"state": "W",
"offer_date": "2016-04-05T23:19:08.202",
"answer_date": null}},
{"model": "game.exchange",
"pk": 9,
"fields": {"offeror": 3,
"offeror_resources": 149,
"offeror_territory": null,
"offeror_bond": null,
"offeror_as_bond": false,
"offeror_as_bond_maturity": 0,
"offeree": 2,
"offeree_resources": 150,
"offeree_territory": null,
"offeree_bond": null,
"offeree_as_bond": false,
"offeree_as_bond_maturity": 0,
"state": "W",
"offer_date": "2016-04-05T23:19:23.461",
"answer_date": null}},
{"model": "game.exchange",
"pk": 10,
"fields": {"offeror": 3,
"offeror_resources": 153,
"offeror_territory": 87,
"offeror_bond": null,
"offeror_as_bond": false,
"offeror_as_bond_maturity": 0,
"offeree": 4,
"offeree_resources": 154,
"offeree_territory": null,
"offeree_bond": null,
"offeree_as_bond": false,
"offeree_as_bond_maturity": 0,
"state": "W",
"offer_date": "2016-04-05T23:20:10.230",
"answer_date": null}},
{"model": "game.exchange",
"pk": 11,
"fields": {"offeror": 3,
"offeror_resources": 155,
"offeror_territory": null,
"offeror_bond": null,
"offeror_as_bond": false,
"offeror_as_bond_maturity": 0,
"offeree": 4,
"offeree_resources": 156,
"offeree_territory": null,
"offeree_bond": null,
"offeree_as_bond": false,
"offeree_as_bond_maturity": 0,
"state": "W",
"offer_date": "2016-04-05T23:20:53.755",
"answer_date": null}},
{"model": "game.exchange",
"pk": 12,
"fields": {"offeror": 4,
"offeror_resources": 157,
"offeror_territory": null,
"offeror_bond": null,
"offeror_as_bond": false,
"offeror_as_bond_maturity": 0,
"offeree": 2,
"offeree_resources": 158,
"offeree_territory": 32,
"offeree_bond": null,
"offeree_as_bond": false,
"offeree_as_bond_maturity": 0,
"state": "W",
"offer_date": "2016-04-05T23:29:18.643",
"answer_date": null}}
]
