[
  {
    "model": "auth.user",
    "pk": 1,
    "fields": {
      "password": "pbkdf2_sha256$24000$2YcSGaOpGbzo$Ng3+TnupV99pCFdrlgRN7wHlGDqVmmyCkZqQ+5J1N+w=",
      "last_login": null, "is_superuser": true,
      "username": "johnny",
      "first_name": "",
      "last_name": "", "email": "",
      "is_staff": true,
      "is_active": true,
      "date_joined": "2016-04-01T19:43:44.400Z",
      "groups": [],
      "user_permissions": []
    }
  },
  {
    "model": "auth.user",
    "pk": 2,
    "fields": {
      "password": "pbkdf2_sha256$24000$RpaHHBwcV2Sw$aWTqnndcZfcZAs//88O7PMBfJXPYds0EllCz0EyKwck=",
      "last_login": null,
      "is_superuser": true,
      "username": "victor",
      "first_name": "",
      "last_name": "",
      "email": "",
      "is_staff": true,
      "is_active": true,
      "date_joined": "2016-04-01T19:44:01.824Z",
      "groups": [], "user_permissions": []
    }
  },
  {
    "model": "auth.user",
    "pk": 3,
    "fields": {
      "password": "pbkdf2_sha256$24000$pGDe97lYmy8g$R3e6uaB0ZPFl9rAp6mlsR51YihBUiFBmNxVWzoIzQA4=",
      "last_login": null,
      "is_superuser": true,
      "username": "clauss",
      "first_name": "",
      "last_name": "",
      "email": "",
      "is_staff": true,
      "is_active": true,
      "date_joined": "2016-04-01T19:44:16.727Z",
      "groups": [],
      "user_permissions": []
    }
  },
  {
    "model": "auth.user",
    "pk": 4,
    "fields": {
      "password": "pbkdf2_sha256$24000$tk1aTLpsNw3j$EN/LuR2tSfxStZxT3yTg/sMwNh1XhV2UQNfvA9PzTXw=",
      "last_login": null,
      "is_superuser": true,
      "username": "paulo",
      "first_name": "",
      "last_name": "",
      "email": "",
      "is_staff": true,
      "is_active": true,
      "date_joined": "2016-04-01T19:44:39.352Z",
      "groups": [],
      "user_permissions": []
    }
  },
  {
    "model": "game.resources",
    "pk": 1,
    "fields": {
      "currency": 1000, "wood1": 1000, "wood2": 1000, "wood3": 1000, "stone1": 1000,
      "stone2": 1000, "gems": 1000, "spices": 1000, "coffee": 1000, "yerba_mate": 1000,
      "alcohol": 1000, "salt": 1000, "opium": 1000, "tea": 1000, "pearls": 1000,
      "perfumery": 1000, "textilesI": 1000, "textilesII": 1000, "craft": 1000, "ore": 1000,
      "coal": 1000, "metal1": 1000, "metal2": 1000, "food": 1000, "fibre": 1000, "guano": 1000,
      "saltpetre": 1000, "sulfur": 1000, "gunpowder": 0}}, {"model": "game.resources",
      "pk": 2, "fields": {"currency": 1000, "wood1": 1000, "wood2": 1000, "wood3": 1000,
      "stone1": 1000, "stone2": 1000, "gems": 1000, "spices": 1000, "coffee": 1000,
      "yerba_mate": 1000, "alcohol": 1000, "salt": 1000, "opium": 1000, "tea": 1000,
      "pearls": 1000, "perfumery": 1000, "textilesI": 1000, "textilesII": 1000, "craft": 1000,
      "ore": 1000, "coal": 1000, "metal1": 1000, "metal2": 1000, "food": 1000, "fibre": 1000,
      "guano": 1000, "saltpetre": 1000, "sulfur": 1000, "gunpowder": 1000
    }
  },
  {
    "model": "game.resources",
    "pk": 2,
    "fields": {
      "currency": 1000, "wood1": 1000, "wood2": 1000, "wood3": 1000, "stone1": 1000,
      "stone2": 1000, "gems": 1000, "spices": 1000, "coffee": 1000, "yerba_mate": 1000,
      "alcohol": 1000, "salt": 1000, "opium": 1000, "tea": 1000, "pearls": 1000,
      "perfumery": 1000, "textilesI": 1000, "textilesII": 1000, "craft": 1000, "ore": 1000,
      "coal": 1000, "metal1": 1000, "metal2": 1000, "food": 1000, "fibre": 1000, "guano": 1000,
      "saltpetre": 1000, "sulfur": 1000, "gunpowder": 0}}, {"model": "game.resources",
      "pk": 2, "fields": {"currency": 1000, "wood1": 1000, "wood2": 1000, "wood3": 1000,
      "stone1": 1000, "stone2": 1000, "gems": 1000, "spices": 1000, "coffee": 1000,
      "yerba_mate": 1000, "alcohol": 1000, "salt": 1000, "opium": 1000, "tea": 1000,
      "pearls": 1000, "perfumery": 1000, "textilesI": 1000, "textilesII": 1000, "craft": 1000,
      "ore": 1000, "coal": 1000, "metal1": 1000, "metal2": 1000, "food": 1000, "fibre": 1000,
      "guano": 1000, "saltpetre": 1000, "sulfur": 1000, "gunpowder": 1000
    }
  },
  {
    "model": "game.resources",
    "pk": 3,
    "fields": {
      "currency": 1000, "wood1": 1000, "wood2": 1000, "wood3": 1000, "stone1": 1000,
      "stone2": 1000, "gems": 1000, "spices": 1000, "coffee": 1000, "yerba_mate": 1000,
      "alcohol": 1000, "salt": 1000, "opium": 1000, "tea": 1000, "pearls": 1000,
      "perfumery": 1000, "textilesI": 1000, "textilesII": 1000, "craft": 1000, "ore": 1000,
      "coal": 1000, "metal1": 1000, "metal2": 1000, "food": 1000, "fibre": 1000, "guano": 1000,
      "saltpetre": 1000, "sulfur": 1000, "gunpowder": 0}}, {"model": "game.resources",
      "pk": 2, "fields": {"currency": 1000, "wood1": 1000, "wood2": 1000, "wood3": 1000,
      "stone1": 1000, "stone2": 1000, "gems": 1000, "spices": 1000, "coffee": 1000,
      "yerba_mate": 1000, "alcohol": 1000, "salt": 1000, "opium": 1000, "tea": 1000,
      "pearls": 1000, "perfumery": 1000, "textilesI": 1000, "textilesII": 1000, "craft": 1000,
      "ore": 1000, "coal": 1000, "metal1": 1000, "metal2": 1000, "food": 1000, "fibre": 1000,
      "guano": 1000, "saltpetre": 1000, "sulfur": 1000, "gunpowder": 1000
    }
  },
  {
    "model": "game.resources",
    "pk": 4,
    "fields": {
      "currency": 1000, "wood1": 1000, "wood2": 1000, "wood3": 1000, "stone1": 1000,
      "stone2": 1000, "gems": 1000, "spices": 1000, "coffee": 1000, "yerba_mate": 1000,
      "alcohol": 1000, "salt": 1000, "opium": 1000, "tea": 1000, "pearls": 1000,
      "perfumery": 1000, "textilesI": 1000, "textilesII": 1000, "craft": 1000, "ore": 1000,
      "coal": 1000, "metal1": 1000, "metal2": 1000, "food": 1000, "fibre": 1000, "guano": 1000,
      "saltpetre": 1000, "sulfur": 1000, "gunpowder": 0}}, {"model": "game.resources",
      "pk": 2, "fields": {"currency": 1000, "wood1": 1000, "wood2": 1000, "wood3": 1000,
      "stone1": 1000, "stone2": 1000, "gems": 1000, "spices": 1000, "coffee": 1000,
      "yerba_mate": 1000, "alcohol": 1000, "salt": 1000, "opium": 1000, "tea": 1000,
      "pearls": 1000, "perfumery": 1000, "textilesI": 1000, "textilesII": 1000, "craft": 1000,
      "ore": 1000, "coal": 1000, "metal1": 1000, "metal2": 1000, "food": 1000, "fibre": 1000,
      "guano": 1000, "saltpetre": 1000, "sulfur": 1000, "gunpowder": 1000
    }
  },
  {
    "model": "game.player",
    "pk": 1,
    "fields": {
      "user": 1,
      "resources": 1,
      "delinquency": 0
    }
  },
  {
    "model": "game.player",
    "pk": 2,
    "fields": {
      "user": 2,
      "resources": 2,
      "delinquency": 0
    }
  },
      {
    "model": "game.player",
    "pk": 3,
    "fields": {
      "user": 3,
      "resources": 3,
      "delinquency": 0
    }
  },
  {
    "model": "game.player",
    "pk": 4,
    "fields": {
      "user": 4,
      "resources": 4,
      "delinquency": 0
    }
  },
  {
    "fields": {
      "land_area": 180,
      "owner": 1,
      "name": "Frederikshavn"
    },
    "pk": 0,
    "model": "game.territory"
  },
  {
    "fields": {
      "land_area": 312,
      "owner": 1,
      "name": "Hjørring"
    },
    "pk": 1,
    "model": "game.territory"
  },
  {
    "fields": {
      "land_area": 317,
      "owner": 1,
      "name": "Brønderslev"
    },
    "pk": 2,
    "model": "game.territory"
  },
  {
    "fields": {
      "land_area": 863,
      "owner": 1,
      "name": "Jammerbugt"
    },
    "pk": 3,
    "model": "game.territory"
  },
  {
    "fields": {
      "land_area": 561,
      "owner": 1,
      "name": "Aalborg"
    },
    "pk": 4,
    "model": "game.territory"
  },
  {
    "fields": {
      "land_area": 789,
      "owner": 1,
      "name": "Vesthimmerlands"
    },
    "pk": 5,
    "model": "game.territory"
  },
  {
    "fields": {
      "land_area": 628,
      "owner": 1,
      "name": "Rebild"
    },
    "pk": 6,
    "model": "game.territory"
  },
  {
    "fields": {
      "land_area": 769,
      "owner": 1,
      "name": "Mariagerfjord"
    },
    "pk": 7,
    "model": "game.territory"
  },
  {
    "fields": {
      "land_area": 564,
      "owner": 1,
      "name": "Thisted"
    },
    "pk": 8,
    "model": "game.territory"
  },
  {
    "fields": {
      "land_area": 312,
      "owner": 1,
      "name": "Viborg"
    },
    "pk": 9,
    "model": "game.territory"
  },
  {
    "fields": {
      "land_area": 154,
      "owner": 1,
      "name": "Randers"
    },
    "pk": 10,
    "model": "game.territory"
  },
  {
    "fields": {
      "land_area": 231,
      "owner": 1,
      "name": "Skive"
    },
    "pk": 11,
    "model": "game.territory"
  },
  {
    "fields": {
      "land_area": 368,
      "owner": 1,
      "name": "Morsø"
    },
    "pk": 12,
    "model": "game.territory"
  },
  {
    "fields": {
      "land_area": 175,
      "owner": 1,
      "name": "Struer"
    },
    "pk": 13,
    "model": "game.territory"
  },
  {
    "fields": {
      "land_area": 466,
      "owner": 1,
      "name": "Lemvig"
    },
    "pk": 14,
    "model": "game.territory"
  },
  {
    "fields": {
      "land_area": 351,
      "owner": 1,
      "name": "Holstebro"
    },
    "pk": 15,
    "model": "game.territory"
  },
  {
    "fields": {
      "land_area": 578,
      "owner": 1,
      "name": "Ringkøbing-Skjern"
    },
    "pk": 16,
    "model": "game.territory"
  },
  {
    "fields": {
      "land_area": 542,
      "owner": 1,
      "name": "Herning"
    },
    "pk": 17,
    "model": "game.territory"
  },
  {
    "fields": {
      "land_area": 734,
      "owner": 1,
      "name": "Ikast-Brande"
    },
    "pk": 18,
    "model": "game.territory"
  },
  {
    "fields": {
      "land_area": 256,
      "owner": 1,
      "name": "Silkeborg"
    },
    "pk": 19,
    "model": "game.territory"
  },
  {
    "fields": {
      "land_area": 541,
      "owner": 1,
      "name": "Favrskov"
    },
    "pk": 20,
    "model": "game.territory"
  },
  {
    "fields": {
      "land_area": 724,
      "owner": 1,
      "name": "Norddjurs"
    },
    "pk": 21,
    "model": "game.territory"
  },
  {
    "fields": {
      "land_area": 697,
      "owner": 1,
      "name": "Syddjurs"
    },
    "pk": 22,
    "model": "game.territory"
  },
  {
    "fields": {
      "land_area": 268,
      "owner": 1,
      "name": "Aarhus"
    },
    "pk": 23,
    "model": "game.territory"
  },
  {
    "fields": {
      "land_area": 144,
      "owner": 1,
      "name": "Skanderborg"
    },
    "pk": 24,
    "model": "game.territory"
  },
  {
    "fields": {
      "land_area": 542,
      "owner": 2,
      "name": "Horsens"
    },
    "pk": 25,
    "model": "game.territory"
  },
  {
    "fields": {
      "land_area": 225,
      "owner": 2,
      "name": "Odder"
    },
    "pk": 26,
    "model": "game.territory"
  },
  {
    "fields": {
      "land_area": 138,
      "owner": 2,
      "name": "Hedensted"
    },
    "pk": 27,
    "model": "game.territory"
  },
  {
    "fields": {
      "land_area": 144,
      "owner": 2,
      "name": "Vejle"
    },
    "pk": 28,
    "model": "game.territory"
  },
  {
    "fields": {
      "land_area": 155,
      "owner": 2,
      "name": "Billund"
    },
    "pk": 29,
    "model": "game.territory"
  },
  {
    "fields": {
      "land_area": 251,
      "owner": 2,
      "name": "Varde"
    },
    "pk": 30,
    "model": "game.territory"
  },
  {
    "fields": {
      "land_area": 221,
      "owner": 2,
      "name": "Esbjerg"
    },
    "pk": 31,
    "model": "game.territory"
  },
  {
    "fields": {
      "land_area": 56,
      "owner": 2,
      "name": "Fanø"
    },
    "pk": 32,
    "model": "game.territory"
  },
  {
    "fields": {
      "land_area": 244,
      "owner": 2,
      "name": "Vejen"
    },
    "pk": 33,
    "model": "game.territory"
  },
  {
    "fields": {
      "land_area": 239,
      "owner": 2,
      "name": "Kolding"
    },
    "pk": 34,
    "model": "game.territory"
  },
  {
    "fields": {
      "land_area": 272,
      "owner": 2,
      "name": "Haderslev"
    },
    "pk": 35,
    "model": "game.territory"
  },
  {
    "fields": {
      "land_area": 135,
      "owner": 2,
      "name": "Fredericia"
    },
    "pk": 36,
    "model": "game.territory"
  },
  {
    "fields": {
      "land_area": 185,
      "owner": 2,
      "name": "Tønder"
    },
    "pk": 37,
    "model": "game.territory"
  },
  {
    "fields": {
      "land_area": 173,
      "owner": 2,
      "name": "Aabenraa"
    },
    "pk": 38,
    "model": "game.territory"
  },
  {
    "fields": {
      "land_area": 149,
      "owner": 2,
      "name": "Sønderborg"
    },
    "pk": 39,
    "model": "game.territory"
  },
  {
    "fields": {
      "land_area": 153,
      "owner": 2,
      "name": "Middelfart"
    },
    "pk": 40,
    "model": "game.territory"
  },
  {
    "fields": {
      "land_area": 130,
      "owner": 2,
      "name": "Assens"
    },
    "pk": 41,
    "model": "game.territory"
  },
  {
    "fields": {
      "land_area": 200,
      "owner": 2,
      "name": "Nordfyns"
    },
    "pk": 42,
    "model": "game.territory"
  },
  {
    "fields": {
      "land_area": 179,
      "owner": 2,
      "name": "Odense"
    },
    "pk": 43,
    "model": "game.territory"
  },
  {
    "fields": {
      "land_area": 174,
      "owner": 2,
      "name": "Kerteminde"
    },
    "pk": 44,
    "model": "game.territory"
  },
  {
    "fields": {
      "land_area": 153,
      "owner": 2,
      "name": "Faaborg-Midtfyn"
    },
    "pk": 45,
    "model": "game.territory"
  },
  {
    "fields": {
      "land_area": 171,
      "owner": 2,
      "name": "Nyborg"
    },
    "pk": 46,
    "model": "game.territory"
  },
  {
    "fields": {
      "land_area": 162,
      "owner": 2,
      "name": "Svendborg"
    },
    "pk": 47,
    "model": "game.territory"
  },
  {
    "fields": {
      "land_area": 182,
      "owner": 2,
      "name": "Ærø"
    },
    "pk": 48,
    "model": "game.territory"
  },
  {
    "fields": {
      "land_area": 162,
      "owner": 3,
      "name": "Langeland"
    },
    "pk": 49,
    "model": "game.territory"
  },
  {
    "fields": {
      "land_area": 107,
      "owner": 3,
      "name": "Lolland"
    },
    "pk": 50,
    "model": "game.territory"
  },
  {
    "fields": {
      "land_area": 141,
      "owner": 3,
      "name": "Guldborgsund"
    },
    "pk": 51,
    "model": "game.territory"
  },
  {
    "fields": {
      "land_area": 111,
      "owner": 3,
      "name": "Vordingborg"
    },
    "pk": 52,
    "model": "game.territory"
  },
  {
    "fields": {
      "land_area": 168,
      "owner": 3,
      "name": "Næstved"
    },
    "pk": 53,
    "model": "game.territory"
  },
  {
    "fields": {
      "land_area": 167,
      "owner": 3,
      "name": "Faxe"
    },
    "pk": 54,
    "model": "game.territory"
  },
  {
    "fields": {
      "land_area": 190,
      "owner": 3,
      "name": "Ringsted"
    },
    "pk": 55,
    "model": "game.territory"
  },
  {
    "fields": {
      "land_area": 116,
      "owner": 3,
      "name": "Stevns"
    },
    "pk": 56,
    "model": "game.territory"
  },
  {
    "fields": {
      "land_area": 167,
      "owner": 3,
      "name": "Slagelse"
    },
    "pk": 57,
    "model": "game.territory"
  },
  {
    "fields": {
      "land_area": 125,
      "owner": 3,
      "name": "Sorø"
    },
    "pk": 58,
    "model": "game.territory"
  },
  {
    "fields": {
      "land_area": 105,
      "owner": 3,
      "name": "Køge"
    },
    "pk": 59,
    "model": "game.territory"
  },
  {
    "fields": {
      "land_area": 188,
      "owner": 3,
      "name": "Kalundborg"
    },
    "pk": 60,
    "model": "game.territory"
  },
  {
    "fields": {
      "land_area": 198,
      "owner": 3,
      "name": "Holbæk"
    },
    "pk": 61,
    "model": "game.territory"
  },
  {
    "fields": {
      "land_area": 117,
      "owner": 3,
      "name": "Lejre"
    },
    "pk": 62,
    "model": "game.territory"
  },
  {
    "fields": {
      "land_area": 183,
      "owner": 3,
      "name": "Roskilde"
    },
    "pk": 63,
    "model": "game.territory"
  },
  {
    "fields": {
      "land_area": 170,
      "owner": 3,
      "name": "Solrød"
    },
    "pk": 64,
    "model": "game.territory"
  },
  {
    "fields": {
      "land_area": 150,
      "owner": 3,
      "name": "Høje-Taastrup"
    },
    "pk": 65,
    "model": "game.territory"
  },
  {
    "fields": {
      "land_area": 102,
      "owner": 3,
      "name": "Ishøj"
    },
    "pk": 66,
    "model": "game.territory"
  },
  {
    "fields": {
      "land_area": 121,
      "owner": 3,
      "name": "Vallensbæk"
    },
    "pk": 67,
    "model": "game.territory"
  },
  {
    "fields": {
      "land_area": 152,
      "owner": 3,
      "name": "Albertslund"
    },
    "pk": 68,
    "model": "game.territory"
  },
  {
    "fields": {
      "land_area": 196,
      "owner": 3,
      "name": "Brøndby"
    },
    "pk": 69,
    "model": "game.territory"
  },
  {
    "fields": {
      "land_area": 163,
      "owner": 3,
      "name": "Glostrup"
    },
    "pk": 70,
    "model": "game.territory"
  },
  {
    "fields": {
      "land_area": 137,
      "owner": 3,
      "name": "Ballerup"
    },
    "pk": 71,
    "model": "game.territory"
  },
  {
    "fields": {
      "land_area": 172,
      "owner": 3,
      "name": "Hvidovre"
    },
    "pk": 72,
    "model": "game.territory"
  },
  {
    "fields": {
      "land_area": 136,
      "owner": 4,
      "name": "Rødovre"
    },
    "pk": 73,
    "model": "game.territory"
  },
  {
    "fields": {
      "land_area": 127,
      "owner": 4,
      "name": "København"
    },
    "pk": 74,
    "model": "game.territory"
  },
  {
    "fields": {
      "land_area": 113,
      "owner": 4,
      "name": "Frederiksberg"
    },
    "pk": 75,
    "model": "game.territory"
  },
  {
    "fields": {
      "land_area": 157,
      "owner": 4,
      "name": "Tårnby"
    },
    "pk": 76,
    "model": "game.territory"
  },
  {
    "fields": {
      "land_area": 165,
      "owner": 4,
      "name": "Dragør"
    },
    "pk": 77,
    "model": "game.territory"
  },
  {
    "fields": {
      "land_area": 132,
      "owner": 4,
      "name": "Herlev"
    },
    "pk": 78,
    "model": "game.territory"
  },
  {
    "fields": {
      "land_area": 181,
      "owner": 4,
      "name": "Ballerup"
    },
    "pk": 79,
    "model": "game.territory"
  },
  {
    "fields": {
      "land_area": 125,
      "owner": 4,
      "name": "Egedal"
    },
    "pk": 80,
    "model": "game.territory"
  },
  {
    "fields": {
      "land_area": 103,
      "owner": 4,
      "name": "Frederikssund"
    },
    "pk": 81,
    "model": "game.territory"
  },
  {
    "fields": {
      "land_area": 158,
      "owner": 4,
      "name": "Halsnæs"
    },
    "pk": 82,
    "model": "game.territory"
  },
  {
    "fields": {
      "land_area": 104,
      "owner": 4,
      "name": "Hillerød"
    },
    "pk": 83,
    "model": "game.territory"
  },
  {
    "fields": {
      "land_area": 188,
      "owner": 4,
      "name": "Gribskov"
    },
    "pk": 84,
    "model": "game.territory"
  },
  {
    "fields": {
      "land_area": 200,
      "owner": 4,
      "name": "Helsingør"
    },
    "pk": 85,
    "model": "game.territory"
  },
  {
    "fields": {
      "land_area": 111,
      "owner": 4,
      "name": "Fredensborg"
    },
    "pk": 86,
    "model": "game.territory"
  },
  {
    "fields": {
      "land_area": 194,
      "owner": 4,
      "name": "Allerød"
    },
    "pk": 87,
    "model": "game.territory"
  },
  {
    "fields": {
      "land_area": 166,
      "owner": 4,
      "name": "Furesø"
    },
    "pk": 88,
    "model": "game.territory"
  },
  {
    "fields": {
      "land_area": 169,
      "owner": 4,
      "name": "Gladsaxe"
    },
    "pk": 89,
    "model": "game.territory"
  },
  {
    "fields": {
      "land_area": 164,
      "owner": 4,
      "name": "Gentofte"
    },
    "pk": 90,
    "model": "game.territory"
  },
  {
    "fields": {
      "land_area": 178,
      "owner": 4,
      "name": "Rudersdal"
    },
    "pk": 91,
    "model": "game.territory"
  },
  {
    "fields": {
      "land_area": 181,
      "owner": 4,
      "name": "Hørsholm"
    },
    "pk": 92,
    "model": "game.territory"
  },
  {
    "fields": {
      "land_area": 189,
      "owner": 4,
      "name": "Lyngby-Taarbæk"
    },
    "pk": 93,
    "model": "game.territory"
  },
  {
    "fields": {
      "land_area": 143,
      "owner": 4,
      "name": "Samsø"
    },
    "pk": 94,
    "model": "game.territory"
  },
  {
    "fields": {
      "land_area": 176,
      "owner": 4,
      "name": "Norddjurs"
    },
    "pk": 95,
    "model": "game.territory"
  },
  {
    "fields": {
      "land_area": 103,
      "owner": 4,
      "name": "Læsø"
    },
    "pk": 96,
    "model": "game.territory"
  }
]


