[{"model": "game.resources", "pk": 1, "fields": {"currency": 92356, "manufactured": 7, "agricultural": 1000}}, {"model": "game.resources", "pk": 2, "fields": {"currency": 100000, "manufactured": 10, "agricultural": 1000}}, {"model": "game.resources", "pk": 3, "fields": {"currency": 100000, "manufactured": 10, "agricultural": 1000}}, {"model": "game.resources", "pk": 4, "fields": {"currency": 117105, "manufactured": 13, "agricultural": 1000}}, {"model": "game.resources", "pk": 5, "fields": {"currency": 7461, "manufactured": 0, "agricultural": 0}}, {"model": "game.resources", "pk": 6, "fields": {"currency": 0, "manufactured": 6, "agricultural": 0}}, {"model": "game.resources", "pk": 7, "fields": {"currency": 0, "manufactured": 0, "agricultural": 992}}, {"model": "game.resources", "pk": 8, "fields": {"currency": 0, "manufactured": 0, "agricultural": 0}}, {"model": "game.resources", "pk": 77, "fields": {"currency": 0, "manufactured": 0, "agricultural": 0}}, {"model": "game.resources", "pk": 78, "fields": {"currency": 0, "manufactured": 0, "agricultural": 0}}, {"model": "game.resources", "pk": 83, "fields": {"currency": 0, "manufactured": 0, "agricultural": 0}}, {"model": "game.resources", "pk": 84, "fields": {"currency": 0, "manufactured": 0, "agricultural": 0}}, {"model": "game.resources", "pk": 85, "fields": {"currency": 0, "manufactured": 0, "agricultural": 0}}, {"model": "game.resources", "pk": 86, "fields": {"currency": 0, "manufactured": 0, "agricultural": 0}}, {"model": "game.resources", "pk": 87, "fields": {"currency": 0, "manufactured": 0, "agricultural": 0}}, {"model": "game.resources", "pk": 88, "fields": {"currency": 0, "manufactured": 0, "agricultural": 0}}, {"model": "game.resources", "pk": 119, "fields": {"currency": 0, "manufactured": 0, "agricultural": 0}}, {"model": "game.resources", "pk": 120, "fields": {"currency": 0, "manufactured": 0, "agricultural": 0}}, {"model": "game.resources", "pk": 121, "fields": {"currency": 0, "manufactured": 0, "agricultural": 0}}, {"model": "game.resources", "pk": 122, "fields": {"currency": 0, "manufactured": 0, "agricultural": 0}}, {"model": "game.resources", "pk": 123, "fields": {"currency": 0, "manufactured": 0, "agricultural": 0}}, {"model": "game.resources", "pk": 124, "fields": {"currency": 0, "manufactured": 0, "agricultural": 0}}, {"model": "game.resources", "pk": 125, "fields": {"currency": 0, "manufactured": 0, "agricultural": 0}}, {"model": "game.resources", "pk": 126, "fields": {"currency": 0, "manufactured": 0, "agricultural": 0}}, {"model": "game.resources", "pk": 127, "fields": {"currency": 0, "manufactured": 0, "agricultural": 0}}, {"model": "game.resources", "pk": 128, "fields": {"currency": 0, "manufactured": 0, "agricultural": 0}}, {"model": "game.resources", "pk": 129, "fields": {"currency": 0, "manufactured": 0, "agricultural": 0}}, {"model": "game.resources", "pk": 130, "fields": {"currency": 0, "manufactured": 0, "agricultural": 0}}, {"model": "game.resources", "pk": 135, "fields": {"currency": 0, "manufactured": 0, "agricultural": 0}}, {"model": "game.resources", "pk": 136, "fields": {"currency": 0, "manufactured": 0, "agricultural": 0}}, {"model": "game.resources", "pk": 139, "fields": {"currency": 0, "manufactured": 0, "agricultural": 0}}, {"model": "game.resources", "pk": 140, "fields": {"currency": 0, "manufactured": 0, "agricultural": 0}}, {"model": "game.resources", "pk": 141, "fields": {"currency": 2000, "manufactured": 0, "agricultural": 0}}, {"model": "game.resources", "pk": 142, "fields": {"currency": 0, "manufactured": 0, "agricultural": 0}}, {"model": "game.resources", "pk": 143, "fields": {"currency": 0, "manufactured": 3, "agricultural": 0}}, {"model": "game.resources", "pk": 144, "fields": {"currency": 0, "manufactured": 0, "agricultural": 188}}, {"model": "game.resources", "pk": 145, "fields": {"currency": 100, "manufactured": 0, "agricultural": 0}}, {"model": "game.resources", "pk": 146, "fields": {"currency": 0, "manufactured": 1, "agricultural": 0}}, {"model": "game.resources", "pk": 147, "fields": {"currency": 98466, "manufactured": 2, "agricultural": 0}}, {"model": "game.resources", "pk": 148, "fields": {"currency": 0, "manufactured": 0, "agricultural": 22}}, {"model": "game.resources", "pk": 149, "fields": {"currency": 0, "manufactured": 2, "agricultural": 0}}, {"model": "game.resources", "pk": 150, "fields": {"currency": 0, "manufactured": 0, "agricultural": 87}}, {"model": "game.resources", "pk": 153, "fields": {"currency": 0, "manufactured": 0, "agricultural": 0}}, {"model": "game.resources", "pk": 154, "fields": {"currency": 0, "manufactured": 0, "agricultural": 621}}, {"model": "game.resources", "pk": 155, "fields": {"currency": 0, "manufactured": 1, "agricultural": 0}}, {"model": "game.resources", "pk": 156, "fields": {"currency": 0, "manufactured": 0, "agricultural": 13}}, {"model": "game.resources", "pk": 157, "fields": {"currency": 16346, "manufactured": 0, "agricultural": 0}}, {"model": "game.resources", "pk": 158, "fields": {"currency": 0, "manufactured": 10, "agricultural": 1000}}, {"model": "game.resources", "pk": 165, "fields": {"currency": 30727, "manufactured": 0, "agricultural": 0}}, {"model": "game.resources", "pk": 166, "fields": {"currency": 0, "manufactured": 3, "agricultural": 0}}, {"model": "game.resources", "pk": 167, "fields": {"currency": 96, "manufactured": 0, "agricultural": 0}}, {"model": "game.resources", "pk": 168, "fields": {"currency": 0, "manufactured": 8, "agricultural": 0}}, {"model": "game.resources", "pk": 169, "fields": {"currency": 0, "manufactured": 0, "agricultural": 0}}, {"model": "game.resources", "pk": 170, "fields": {"currency": 0, "manufactured": 0, "agricultural": 0}}, {"model": "game.resources", "pk": 171, "fields": {"currency": 0, "manufactured": 0, "agricultural": 0}}, {"model": "game.resources", "pk": 172, "fields": {"currency": 0, "manufactured": 0, "agricultural": 0}}, {"model": "game.resources", "pk": 173, "fields": {"currency": 0, "manufactured": 52, "agricultural": 0}}, {"model": "game.resources", "pk": 174, "fields": {"currency": 15105, "manufactured": 0, "agricultural": 0}}, {"model": "game.resources", "pk": 181, "fields": {"currency": 0, "manufactured": 0, "agricultural": 0}}, {"model": "game.resources", "pk": 182, "fields": {"currency": 13781, "manufactured": 0, "agricultural": 0}}, {"model": "game.resources", "pk": 187, "fields": {"currency": 0, "manufactured": 0, "agricultural": 0}}, {"model": "game.resources", "pk": 188, "fields": {"currency": 0, "manufactured": 0, "agricultural": 0}}, {"model": "contenttypes.contenttype", "pk": 13, "fields": {"app_label": "game", "model": "resources"}}, {"model": "contenttypes.contenttype", "pk": 14, "fields": {"app_label": "game", "model": "player"}}, {"model": "contenttypes.contenttype", "pk": 15, "fields": {"app_label": "game", "model": "territory"}}, {"model": "contenttypes.contenttype", "pk": 16, "fields": {"app_label": "game", "model": "charter"}}, {"model": "contenttypes.contenttype", "pk": 17, "fields": {"app_label": "game", "model": "bond"}}, {"model": "contenttypes.contenttype", "pk": 18, "fields": {"app_label": "game", "model": "exchange"}}, {"model": "contenttypes.contenttype", "pk": 19, "fields": {"app_label": "admin", "model": "logentry"}}, {"model": "contenttypes.contenttype", "pk": 20, "fields": {"app_label": "auth", "model": "permission"}}, {"model": "contenttypes.contenttype", "pk": 21, "fields": {"app_label": "auth", "model": "group"}}, {"model": "contenttypes.contenttype", "pk": 22, "fields": {"app_label": "auth", "model": "user"}}, {"model": "contenttypes.contenttype", "pk": 23, "fields": {"app_label": "contenttypes", "model": "contenttype"}}, {"model": "contenttypes.contenttype", "pk": 24, "fields": {"app_label": "sessions", "model": "session"}}, {"model": "sessions.session", "pk": "9laoudf74gqx4k4wtog094ozwak10537", "fields": {"session_data": "YmQzNmVkMzg2MzcyNDJmZjdmNDFkMWRiNmViZWJiMzcwMzIyMzRlMDp7Il9hdXRoX3VzZXJfaWQiOiIyIiwiX2F1dGhfdXNlcl9oYXNoIjoiYzQzNjIyYTQ2MGZlYTliY2E2Y2RhN2JmYTljMjI3NzVkMGRkMDIzOSIsIl9hdXRoX3VzZXJfYmFja2VuZCI6ImRqYW5nby5jb250cmliLmF1dGguYmFja2VuZHMuTW9kZWxCYWNrZW5kIn0=", "expire_date": "2016-04-20T19:42:44.281"}}, {"model": "auth.permission", "pk": 37, "fields": {"name": "Can add resources", "content_type": 13, "codename": "add_resources"}}, {"model": "auth.permission", "pk": 38, "fields": {"name": "Can change resources", "content_type": 13, "codename": "change_resources"}}, {"model": "auth.permission", "pk": 39, "fields": {"name": "Can delete resources", "content_type": 13, "codename": "delete_resources"}}, {"model": "auth.permission", "pk": 40, "fields": {"name": "Can add player", "content_type": 14, "codename": "add_player"}}, {"model": "auth.permission", "pk": 41, "fields": {"name": "Can change player", "content_type": 14, "codename": "change_player"}}, {"model": "auth.permission", "pk": 42, "fields": {"name": "Can delete player", "content_type": 14, "codename": "delete_player"}}, {"model": "auth.permission", "pk": 43, "fields": {"name": "Can add territory", "content_type": 15, "codename": "add_territory"}}, {"model": "auth.permission", "pk": 44, "fields": {"name": "Can change territory", "content_type": 15, "codename": "change_territory"}}, {"model": "auth.permission", "pk": 45, "fields": {"name": "Can delete territory", "content_type": 15, "codename": "delete_territory"}}, {"model": "auth.permission", "pk": 46, "fields": {"name": "Can add charter", "content_type": 16, "codename": "add_charter"}}, {"model": "auth.permission", "pk": 47, "fields": {"name": "Can change charter", "content_type": 16, "codename": "change_charter"}}, {"model": "auth.permission", "pk": 48, "fields": {"name": "Can delete charter", "content_type": 16, "codename": "delete_charter"}}, {"model": "auth.permission", "pk": 49, "fields": {"name": "Can add bond", "content_type": 17, "codename": "add_bond"}}, {"model": "auth.permission", "pk": 50, "fields": {"name": "Can change bond", "content_type": 17, "codename": "change_bond"}}, {"model": "auth.permission", "pk": 51, "fields": {"name": "Can delete bond", "content_type": 17, "codename": "delete_bond"}}, {"model": "auth.permission", "pk": 52, "fields": {"name": "Can add exchange", "content_type": 18, "codename": "add_exchange"}}, {"model": "auth.permission", "pk": 53, "fields": {"name": "Can change exchange", "content_type": 18, "codename": "change_exchange"}}, {"model": "auth.permission", "pk": 54, "fields": {"name": "Can delete exchange", "content_type": 18, "codename": "delete_exchange"}}, {"model": "auth.permission", "pk": 55, "fields": {"name": "Can add log entry", "content_type": 19, "codename": "add_logentry"}}, {"model": "auth.permission", "pk": 56, "fields": {"name": "Can change log entry", "content_type": 19, "codename": "change_logentry"}}, {"model": "auth.permission", "pk": 57, "fields": {"name": "Can delete log entry", "content_type": 19, "codename": "delete_logentry"}}, {"model": "auth.permission", "pk": 58, "fields": {"name": "Can add permission", "content_type": 20, "codename": "add_permission"}}, {"model": "auth.permission", "pk": 59, "fields": {"name": "Can change permission", "content_type": 20, "codename": "change_permission"}}, {"model": "auth.permission", "pk": 60, "fields": {"name": "Can delete permission", "content_type": 20, "codename": "delete_permission"}}, {"model": "auth.permission", "pk": 61, "fields": {"name": "Can add group", "content_type": 21, "codename": "add_group"}}, {"model": "auth.permission", "pk": 62, "fields": {"name": "Can change group", "content_type": 21, "codename": "change_group"}}, {"model": "auth.permission", "pk": 63, "fields": {"name": "Can delete group", "content_type": 21, "codename": "delete_group"}}, {"model": "auth.permission", "pk": 64, "fields": {"name": "Can add user", "content_type": 22, "codename": "add_user"}}, {"model": "auth.permission", "pk": 65, "fields": {"name": "Can change user", "content_type": 22, "codename": "change_user"}}, {"model": "auth.permission", "pk": 66, "fields": {"name": "Can delete user", "content_type": 22, "codename": "delete_user"}}, {"model": "auth.permission", "pk": 67, "fields": {"name": "Can add content type", "content_type": 23, "codename": "add_contenttype"}}, {"model": "auth.permission", "pk": 68, "fields": {"name": "Can change content type", "content_type": 23, "codename": "change_contenttype"}}, {"model": "auth.permission", "pk": 69, "fields": {"name": "Can delete content type", "content_type": 23, "codename": "delete_contenttype"}}, {"model": "auth.permission", "pk": 70, "fields": {"name": "Can add session", "content_type": 24, "codename": "add_session"}}, {"model": "auth.permission", "pk": 71, "fields": {"name": "Can change session", "content_type": 24, "codename": "change_session"}}, {"model": "auth.permission", "pk": 72, "fields": {"name": "Can delete session", "content_type": 24, "codename": "delete_session"}}, {"model": "auth.user", "pk": 1, "fields": {"password": "pbkdf2_sha256$24000$2YcSGaOpGbzo$Ng3+TnupV99pCFdrlgRN7wHlGDqVmmyCkZqQ+5J1N+w=", "last_login": "2016-04-06T19:40:32.085", "is_superuser": true, "username": "johnny", "first_name": "", "last_name": "", "email": "", "is_staff": true, "is_active": true, "date_joined": "2016-04-01T19:43:44.400", "groups": [], "user_permissions": []}}, {"model": "auth.user", "pk": 2, "fields": {"password": "pbkdf2_sha256$24000$RpaHHBwcV2Sw$aWTqnndcZfcZAs//88O7PMBfJXPYds0EllCz0EyKwck=", "last_login": "2016-04-06T19:42:44.217", "is_superuser": true, "username": "victor", "first_name": "", "last_name": "", "email": "", "is_staff": true, "is_active": true, "date_joined": "2016-04-01T19:44:01.824", "groups": [], "user_permissions": []}}, {"model": "auth.user", "pk": 3, "fields": {"password": "pbkdf2_sha256$24000$pGDe97lYmy8g$R3e6uaB0ZPFl9rAp6mlsR51YihBUiFBmNxVWzoIzQA4=", "last_login": "2016-04-06T19:38:12.731", "is_superuser": true, "username": "clauss", "first_name": "", "last_name": "", "email": "", "is_staff": true, "is_active": true, "date_joined": "2016-04-01T19:44:16.727", "groups": [], "user_permissions": []}}, {"model": "auth.user", "pk": 4, "fields": {"password": "pbkdf2_sha256$24000$tk1aTLpsNw3j$EN/LuR2tSfxStZxT3yTg/sMwNh1XhV2UQNfvA9PzTXw=", "last_login": "2016-04-06T18:56:59.195", "is_superuser": true, "username": "paulo", "first_name": "", "last_name": "", "email": "", "is_staff": true, "is_active": true, "date_joined": "2016-04-01T19:44:39.352", "groups": [], "user_permissions": []}}, {"model": "game.exchange", "pk": 1, "fields": {"offeror": 4, "offeror_resources": 5, "offeror_territory": null, "offeror_bond": null, "offeror_as_bond": false, "offeror_as_bond_maturity": 0, "offeree": 1, "offeree_resources": 6, "offeree_territory": null, "offeree_bond": null, "offeree_as_bond": false, "offeree_as_bond_maturity": 0, "state": "A", "offer_date": "2016-04-05T21:37:12.576", "answer_date": "2016-04-05T21:38:23.131"}}, {"model": "game.exchange", "pk": 2, "fields": {"offeror": 4, "offeror_resources": 7, "offeror_territory": null, "offeror_bond": null, "offeror_as_bond": false, "offeror_as_bond_maturity": 0, "offeree": 2, "offeree_resources": 8, "offeree_territory": null, "offeree_bond": null, "offeree_as_bond": false, "offeree_as_bond_maturity": 0, "state": "W", "offer_date": "2016-04-05T21:51:49.803", "answer_date": null}}, {"model": "game.exchange", "pk": 3, "fields": {"offeror": 4, "offeror_resources": 135, "offeror_territory": 86, "offeror_bond": null, "offeror_as_bond": false, "offeror_as_bond_maturity": 0, "offeree": 3, "offeree_resources": 136, "offeree_territory": null, "offeree_bond": null, "offeree_as_bond": false, "offeree_as_bond_maturity": 0, "state": "C", "offer_date": "2016-04-05T23:01:47.798", "answer_date": "2016-04-05T23:10:56.972"}}, {"model": "game.exchange", "pk": 4, "fields": {"offeror": 4, "offeror_resources": 139, "offeror_territory": 86, "offeror_bond": null, "offeror_as_bond": false, "offeror_as_bond_maturity": 0, "offeree": 3, "offeree_resources": 140, "offeree_territory": 36, "offeree_bond": null, "offeree_as_bond": false, "offeree_as_bond_maturity": 0, "state": "R", "offer_date": "2016-04-05T23:09:09.227", "answer_date": "2016-04-05T23:33:16.279"}}, {"model": "game.exchange", "pk": 5, "fields": {"offeror": 1, "offeror_resources": 141, "offeror_territory": null, "offeror_bond": null, "offeror_as_bond": false, "offeror_as_bond_maturity": 0, "offeree": 4, "offeree_resources": 142, "offeree_territory": null, "offeree_bond": null, "offeree_as_bond": false, "offeree_as_bond_maturity": 0, "state": "A", "offer_date": "2016-04-05T23:13:07.540", "answer_date": "2016-04-05T23:20:58.902"}}, {"model": "game.exchange", "pk": 6, "fields": {"offeror": 1, "offeror_resources": 143, "offeror_territory": null, "offeror_bond": null, "offeror_as_bond": false, "offeror_as_bond_maturity": 0, "offeree": 3, "offeree_resources": 144, "offeree_territory": null, "offeree_bond": null, "offeree_as_bond": false, "offeree_as_bond_maturity": 0, "state": "W", "offer_date": "2016-04-05T23:14:32.314", "answer_date": null}}, {"model": "game.exchange", "pk": 7, "fields": {"offeror": 1, "offeror_resources": 145, "offeror_territory": 32, "offeror_bond": null, "offeror_as_bond": false, "offeror_as_bond_maturity": 0, "offeree": 2, "offeree_resources": 146, "offeree_territory": null, "offeree_bond": null, "offeree_as_bond": false, "offeree_as_bond_maturity": 0, "state": "C", "offer_date": "2016-04-05T23:16:58.829", "answer_date": "2016-04-06T19:46:32.176"}}, {"model": "game.exchange", "pk": 8, "fields": {"offeror": 3, "offeror_resources": 147, "offeror_territory": 2, "offeror_bond": null, "offeror_as_bond": false, "offeror_as_bond_maturity": 0, "offeree": 1, "offeree_resources": 148, "offeree_territory": null, "offeree_bond": null, "offeree_as_bond": false, "offeree_as_bond_maturity": 0, "state": "R", "offer_date": "2016-04-05T23:19:08.202", "answer_date": "2016-04-06T19:52:17.753"}}, {"model": "game.exchange", "pk": 9, "fields": {"offeror": 3, "offeror_resources": 149, "offeror_territory": null, "offeror_bond": null, "offeror_as_bond": false, "offeror_as_bond_maturity": 0, "offeree": 2, "offeree_resources": 150, "offeree_territory": null, "offeree_bond": null, "offeree_as_bond": false, "offeree_as_bond_maturity": 0, "state": "W", "offer_date": "2016-04-05T23:19:23.461", "answer_date": null}}, {"model": "game.exchange", "pk": 10, "fields": {"offeror": 3, "offeror_resources": 153, "offeror_territory": 87, "offeror_bond": null, "offeror_as_bond": false, "offeror_as_bond_maturity": 0, "offeree": 4, "offeree_resources": 154, "offeree_territory": null, "offeree_bond": null, "offeree_as_bond": false, "offeree_as_bond_maturity": 0, "state": "W", "offer_date": "2016-04-05T23:20:10.230", "answer_date": null}}, {"model": "game.exchange", "pk": 11, "fields": {"offeror": 3, "offeror_resources": 155, "offeror_territory": null, "offeror_bond": null, "offeror_as_bond": false, "offeror_as_bond_maturity": 0, "offeree": 4, "offeree_resources": 156, "offeree_territory": null, "offeree_bond": null, "offeree_as_bond": false, "offeree_as_bond_maturity": 0, "state": "W", "offer_date": "2016-04-05T23:20:53.755", "answer_date": null}}, {"model": "game.exchange", "pk": 12, "fields": {"offeror": 4, "offeror_resources": 157, "offeror_territory": null, "offeror_bond": null, "offeror_as_bond": false, "offeror_as_bond_maturity": 0, "offeree": 2, "offeree_resources": 158, "offeree_territory": 32, "offeree_bond": null, "offeree_as_bond": false, "offeree_as_bond_maturity": 0, "state": "W", "offer_date": "2016-04-05T23:29:18.643", "answer_date": null}}, {"model": "game.exchange", "pk": 19, "fields": {"offeror": 1, "offeror_resources": 165, "offeror_territory": null, "offeror_bond": null, "offeror_as_bond": true, "offeror_as_bond_maturity": 0, "offeree": 4, "offeree_resources": 166, "offeree_territory": null, "offeree_bond": null, "offeree_as_bond": true, "offeree_as_bond_maturity": 0, "state": "A", "offer_date": "2016-04-06T18:33:22.441", "answer_date": "2016-04-06T18:33:39.306"}}, {"model": "game.exchange", "pk": 20, "fields": {"offeror": 4, "offeror_resources": 166, "offeror_territory": null, "offeror_bond": null, "offeror_as_bond": false, "offeror_as_bond_maturity": 0, "offeree": 1, "offeree_resources": null, "offeree_territory": null, "offeree_bond": null, "offeree_as_bond": false, "offeree_as_bond_maturity": 0, "state": "A", "offer_date": "2016-04-06T18:34:16.999", "answer_date": "2016-04-06T18:34:17.145"}}, {"model": "game.exchange", "pk": 21, "fields": {"offeror": 4, "offeror_resources": 167, "offeror_territory": null, "offeror_bond": null, "offeror_as_bond": true, "offeror_as_bond_maturity": 0, "offeree": 1, "offeree_resources": 168, "offeree_territory": 23, "offeree_bond": null, "offeree_as_bond": true, "offeree_as_bond_maturity": 0, "state": "A", "offer_date": "2016-04-06T18:58:53.245", "answer_date": "2016-04-06T18:59:00.255"}}, {"model": "game.exchange", "pk": 22, "fields": {"offeror": 4, "offeror_resources": 171, "offeror_territory": null, "offeror_bond": 8, "offeror_as_bond": false, "offeror_as_bond_maturity": 0, "offeree": 3, "offeree_resources": 172, "offeree_territory": null, "offeree_bond": null, "offeree_as_bond": false, "offeree_as_bond_maturity": 0, "state": "W", "offer_date": "2016-04-06T19:14:17.701", "answer_date": null}}, {"model": "game.exchange", "pk": 23, "fields": {"offeror": 4, "offeror_resources": 173, "offeror_territory": 24, "offeror_bond": null, "offeror_as_bond": true, "offeror_as_bond_maturity": 0, "offeree": 1, "offeree_resources": 174, "offeree_territory": 22, "offeree_bond": null, "offeree_as_bond": true, "offeree_as_bond_maturity": 0, "state": "A", "offer_date": "2016-04-06T19:40:09.659", "answer_date": "2016-04-06T19:40:40.077"}}, {"model": "game.exchange", "pk": 24, "fields": {"offeror": 4, "offeror_resources": 181, "offeror_territory": null, "offeror_bond": null, "offeror_as_bond": false, "offeror_as_bond_maturity": 0, "offeree": 2, "offeree_resources": 182, "offeree_territory": null, "offeree_bond": null, "offeree_as_bond": true, "offeree_as_bond_maturity": 0, "state": "A", "offer_date": "2016-04-06T19:42:33.347", "answer_date": "2016-04-06T19:42:50.237"}}, {"model": "game.exchange", "pk": 25, "fields": {"offeror": 2, "offeror_resources": 187, "offeror_territory": null, "offeror_bond": 12, "offeror_as_bond": false, "offeror_as_bond_maturity": 0, "offeree": 1, "offeree_resources": 188, "offeree_territory": null, "offeree_bond": 11, "offeree_as_bond": false, "offeree_as_bond_maturity": 0, "state": "R", "offer_date": "2016-04-06T19:43:45.163", "answer_date": "2016-04-06T19:51:51.993"}}, {"model": "game.exchange", "pk": 26, "fields": {"offeror": 1, "offeror_resources": 174, "offeror_territory": 22, "offeror_bond": null, "offeror_as_bond": false, "offeror_as_bond_maturity": 0, "offeree": 4, "offeree_resources": null, "offeree_territory": null, "offeree_bond": null, "offeree_as_bond": false, "offeree_as_bond_maturity": 0, "state": "A", "offer_date": "2016-04-06T19:46:18.490", "answer_date": "2016-04-06T19:46:18.640"}}, {"model": "game.bond", "pk": 6, "fields": {"holder": 4, "borrower": 1, "resources": 165, "territory": null, "origin_exchange": 19, "payment_exchange": null, "maturity": 0, "state": "F"}}, {"model": "game.bond", "pk": 7, "fields": {"holder": 1, "borrower": 4, "resources": 166, "territory": null, "origin_exchange": 19, "payment_exchange": 20, "maturity": 0, "state": "P"}}, {"model": "game.bond", "pk": 8, "fields": {"holder": 1, "borrower": 4, "resources": 167, "territory": null, "origin_exchange": 21, "payment_exchange": null, "maturity": 0, "state": "W"}}, {"model": "game.bond", "pk": 9, "fields": {"holder": 4, "borrower": 1, "resources": 168, "territory": 23, "origin_exchange": 21, "payment_exchange": null, "maturity": 0, "state": "W"}}, {"model": "game.bond", "pk": 10, "fields": {"holder": 1, "borrower": 4, "resources": 173, "territory": 24, "origin_exchange": 23, "payment_exchange": null, "maturity": 0, "state": "W"}}, {"model": "game.bond", "pk": 11, "fields": {"holder": 4, "borrower": 1, "resources": 174, "territory": 22, "origin_exchange": 23, "payment_exchange": 26, "maturity": 0, "state": "P"}}, {"model": "game.bond", "pk": 12, "fields": {"holder": 4, "borrower": 2, "resources": 182, "territory": null, "origin_exchange": 24, "payment_exchange": null, "maturity": 0, "state": "W"}}, {"model": "game.territory", "pk": 1, "fields": {"owner": 1, "code": "DK.SD.AA", "name": "Aabenraa", "land_area": 941}}, {"model": "game.territory", "pk": 2, "fields": {"owner": 2, "code": "DK.ND.AA", "name": "Aalborg", "land_area": 561}}, {"model": "game.territory", "pk": 3, "fields": {"owner": 2, "code": "DK.MJ.AR", "name": "\u00c5rhus", "land_area": 268}}, {"model": "game.territory", "pk": 4, "fields": {"owner": 1, "code": "DK.SD.AE", "name": "\u00c6r\u00f8", "land_area": 88}}, {"model": "game.territory", "pk": 5, "fields": {"owner": 3, "code": "DK.HS.AB", "name": "Albertslund", "land_area": 23}}, {"model": "game.territory", "pk": 6, "fields": {"owner": 3, "code": "DK.HS.AL", "name": "Aller\u00f8d", "land_area": 67}}, {"model": "game.territory", "pk": 7, "fields": {"owner": 1, "code": "DK.SD.AS", "name": "Assens", "land_area": 513}}, {"model": "game.territory", "pk": 8, "fields": {"owner": 3, "code": "DK.HS.BA", "name": "Ballerup", "land_area": 34}}, {"model": "game.territory", "pk": 9, "fields": {"owner": 4, "code": "DK.SD.BI", "name": "Billund", "land_area": 155}}, {"model": "game.territory", "pk": 10, "fields": {"owner": 3, "code": "DK.HS.BO", "name": "Bornholm", "land_area": 588}}, {"model": "game.territory", "pk": 11, "fields": {"owner": 3, "code": "DK.HS.BR", "name": "Br\u00f8ndby", "land_area": 28}}, {"model": "game.territory", "pk": 12, "fields": {"owner": 2, "code": "DK.ND.BD", "name": "Br\u00f8nderslev", "land_area": 317}}, {"model": "game.territory", "pk": 13, "fields": {"owner": 3, "code": "DK.HS.CH", "name": "Christians\u00f8", "land_area": 1}}, {"model": "game.territory", "pk": 14, "fields": {"owner": 3, "code": "DK.HS.DR", "name": "Drag\u00f8r", "land_area": 18}}, {"model": "game.territory", "pk": 15, "fields": {"owner": 3, "code": "DK.HS.EG", "name": "Egedal", "land_area": 125}}, {"model": "game.territory", "pk": 16, "fields": {"owner": 1, "code": "DK.SD.ES", "name": "Esbjerg", "land_area": 221}}, {"model": "game.territory", "pk": 17, "fields": {"owner": 1, "code": "DK.SD.FM", "name": "Faaborg-Midtfyn", "land_area": 51}}, {"model": "game.territory", "pk": 18, "fields": {"owner": 1, "code": "DK.SD.FA", "name": "Fan\u00f8", "land_area": 56}}, {"model": "game.territory", "pk": 19, "fields": {"owner": 2, "code": "DK.MJ.FA", "name": "Favrskov", "land_area": 541}}, {"model": "game.territory", "pk": 20, "fields": {"owner": 3, "code": "DK.SL.FA", "name": "Faxe", "land_area": 404}}, {"model": "game.territory", "pk": 21, "fields": {"owner": 3, "code": "DK.HS.FN", "name": "Fredensborg", "land_area": 112}}, {"model": "game.territory", "pk": 22, "fields": {"owner": 4, "code": "DK.SD.FR", "name": "Fredericia", "land_area": 135}}, {"model": "game.territory", "pk": 23, "fields": {"owner": 3, "code": "DK.HS.FB", "name": "Frederiksberg", "land_area": 9}}, {"model": "game.territory", "pk": 24, "fields": {"owner": 2, "code": "DK.ND.FR", "name": "Frederikshavn", "land_area": 180}}, {"model": "game.territory", "pk": 25, "fields": {"owner": 3, "code": "DK.HS.FS", "name": "Frederikssund", "land_area": 250}}, {"model": "game.territory", "pk": 26, "fields": {"owner": 3, "code": "DK.HS.FU", "name": "Fures\u00f8", "land_area": 56}}, {"model": "game.territory", "pk": 27, "fields": {"owner": 3, "code": "DK.HS.GE", "name": "Gentofte", "land_area": 26}}, {"model": "game.territory", "pk": 28, "fields": {"owner": 3, "code": "DK.HS.GX", "name": "Gladsaxe", "land_area": 25}}, {"model": "game.territory", "pk": 29, "fields": {"owner": 3, "code": "DK.HS.GP", "name": "Glostrup", "land_area": 13}}, {"model": "game.territory", "pk": 30, "fields": {"owner": 3, "code": "DK.SL.GR", "name": "Greve", "land_area": 60}}, {"model": "game.territory", "pk": 31, "fields": {"owner": 3, "code": "DK.HS.GR", "name": "Gribskov", "land_area": 56}}, {"model": "game.territory", "pk": 32, "fields": {"owner": 1, "code": "DK.SL.GU", "name": "Guldborgsund", "land_area": 903}}, {"model": "game.territory", "pk": 33, "fields": {"owner": 1, "code": "DK.SD.HA", "name": "Haderslev", "land_area": 272}}, {"model": "game.territory", "pk": 34, "fields": {"owner": 3, "code": "DK.HS.FH", "name": "Halsn\u00e6s", "land_area": 122}}, {"model": "game.territory", "pk": 35, "fields": {"owner": 2, "code": "DK.MJ.HD", "name": "Hedensted", "land_area": 138}}, {"model": "game.territory", "pk": 36, "fields": {"owner": 3, "code": "DK.HS.HG", "name": "Helsing\u00f8r", "land_area": 122}}, {"model": "game.territory", "pk": 37, "fields": {"owner": 3, "code": "DK.HS.HV", "name": "Herlev", "land_area": 12}}, {"model": "game.territory", "pk": 38, "fields": {"owner": 4, "code": "DK.MJ.HG", "name": "Herning", "land_area": 542}}, {"model": "game.territory", "pk": 39, "fields": {"owner": 3, "code": "DK.HS.HI", "name": "Hiller\u00f8d", "land_area": 213}}, {"model": "game.territory", "pk": 40, "fields": {"owner": 2, "code": "DK.ND.HJ", "name": "Hj\u00f8rring", "land_area": 312}}, {"model": "game.territory", "pk": 41, "fields": {"owner": 3, "code": "DK.HS.HT", "name": "H\u00f8je-Taastrup", "land_area": 78}}, {"model": "game.territory", "pk": 42, "fields": {"owner": 3, "code": "DK.SL.HO", "name": "Holb\u00e6k", "land_area": 579}}, {"model": "game.territory", "pk": 43, "fields": {"owner": 4, "code": "DK.MJ.HB", "name": "Holstebro", "land_area": 351}}, {"model": "game.territory", "pk": 44, "fields": {"owner": 2, "code": "DK.MJ.HS", "name": "Horsens", "land_area": 542}}, {"model": "game.territory", "pk": 45, "fields": {"owner": 3, "code": "DK.HS.HO", "name": "H\u00f8rsholm", "land_area": 31}}, {"model": "game.territory", "pk": 46, "fields": {"owner": 3, "code": "DK.HS.HD", "name": "Hvidovre", "land_area": 25}}, {"model": "game.territory", "pk": 47, "fields": {"owner": 4, "code": "DK.MJ.IB", "name": "Ikast-Brande", "land_area": 734}}, {"model": "game.territory", "pk": 48, "fields": {"owner": 3, "code": "DK.HS.IS", "name": "Ish\u00f8j", "land_area": 26}}, {"model": "game.territory", "pk": 49, "fields": {"owner": 2, "code": "DK.ND.JA", "name": "Jammerbugt", "land_area": 863}}, {"model": "game.territory", "pk": 50, "fields": {"owner": 3, "code": "DK.SL.KA", "name": "Kalundborg", "land_area": 604}}, {"model": "game.territory", "pk": 51, "fields": {"owner": 1, "code": "DK.SD.KE", "name": "Kerteminde", "land_area": 203}}, {"model": "game.territory", "pk": 52, "fields": {"owner": 3, "code": "DK.HS.KO", "name": "K\u00f8benhavn", "land_area": 88}}, {"model": "game.territory", "pk": 53, "fields": {"owner": 3, "code": "DK.SL.KO", "name": "K\u00f8ge", "land_area": 256}}, {"model": "game.territory", "pk": 54, "fields": {"owner": 1, "code": "DK.SD.KO", "name": "Kolding", "land_area": 239}}, {"model": "game.territory", "pk": 55, "fields": {"owner": 2, "code": "DK.ND.LA", "name": "L\u00e6s\u00f8", "land_area": 101}}, {"model": "game.territory", "pk": 56, "fields": {"owner": 1, "code": "DK.SD.LA", "name": "Langeland", "land_area": 285}}, {"model": "game.territory", "pk": 57, "fields": {"owner": 3, "code": "DK.SL.LE", "name": "Lejre", "land_area": 240}}, {"model": "game.territory", "pk": 58, "fields": {"owner": 4, "code": "DK.MJ.LE", "name": "Lemvig", "land_area": 466}}, {"model": "game.territory", "pk": 59, "fields": {"owner": 1, "code": "DK.SL.LO", "name": "Lolland", "land_area": 1243}}, {"model": "game.territory", "pk": 60, "fields": {"owner": 3, "code": "DK.HS.LT", "name": "Lyngby-Taarb\u00e6k", "land_area": 39}}, {"model": "game.territory", "pk": 61, "fields": {"owner": 2, "code": "DK.ND.MF", "name": "Mariagerfjord", "land_area": 769}}, {"model": "game.territory", "pk": 62, "fields": {"owner": 1, "code": "DK.SD.MI", "name": "Middelfart", "land_area": 300}}, {"model": "game.territory", "pk": 63, "fields": {"owner": 4, "code": "DK.ND.MO", "name": "Mors\u00f8", "land_area": 368}}, {"model": "game.territory", "pk": 64, "fields": {"owner": 3, "code": "DK.SL.NA", "name": "N\u00e6stved", "land_area": 681}}, {"model": "game.territory", "pk": 65, "fields": {"owner": 2, "code": "DK.MJ.NO", "name": "Norddjurs", "land_area": 724}}, {"model": "game.territory", "pk": 66, "fields": {"owner": 1, "code": "DK.SD.BO", "name": "Nordfyns", "land_area": 452}}, {"model": "game.territory", "pk": 67, "fields": {"owner": 1, "code": "DK.SD.NY", "name": "Nyborg", "land_area": 278}}, {"model": "game.territory", "pk": 68, "fields": {"owner": 2, "code": "DK.MJ.OD", "name": "Odder", "land_area": 225}}, {"model": "game.territory", "pk": 69, "fields": {"owner": 1, "code": "DK.SD.OD", "name": "Odense", "land_area": 304}}, {"model": "game.territory", "pk": 70, "fields": {"owner": 3, "code": "DK.SL.OD", "name": "Odsherred", "land_area": 355}}, {"model": "game.territory", "pk": 71, "fields": {"owner": 2, "code": "DK.MJ.RA", "name": "Randers", "land_area": 154}}, {"model": "game.territory", "pk": 72, "fields": {"owner": 2, "code": "DK.ND.RE", "name": "Rebild", "land_area": 628}}, {"model": "game.territory", "pk": 73, "fields": {"owner": 4, "code": "DK.MJ.RS", "name": "Ringk\u00f8bing-Skjern", "land_area": 578}}, {"model": "game.territory", "pk": 74, "fields": {"owner": 3, "code": "DK.SL.RI", "name": "Ringsted", "land_area": 296}}, {"model": "game.territory", "pk": 75, "fields": {"owner": 3, "code": "DK.HS.RO", "name": "R\u00f8dovre", "land_area": 12}}, {"model": "game.territory", "pk": 76, "fields": {"owner": 3, "code": "DK.SL.RO", "name": "Roskilde", "land_area": 212}}, {"model": "game.territory", "pk": 77, "fields": {"owner": 3, "code": "DK.HS.RU", "name": "Rudersdal", "land_area": 74}}, {"model": "game.territory", "pk": 78, "fields": {"owner": 2, "code": "DK.MJ.SA", "name": "Sams\u00f8", "land_area": 114}}, {"model": "game.territory", "pk": 79, "fields": {"owner": 4, "code": "DK.MJ.SI", "name": "Silkeborg", "land_area": 256}}, {"model": "game.territory", "pk": 80, "fields": {"owner": 2, "code": "DK.MJ.SD", "name": "Skanderborg", "land_area": 144}}, {"model": "game.territory", "pk": 81, "fields": {"owner": 4, "code": "DK.MJ.SV", "name": "Skive", "land_area": 231}}, {"model": "game.territory", "pk": 82, "fields": {"owner": 3, "code": "DK.SL.SL", "name": "Slagelse", "land_area": 567}}, {"model": "game.territory", "pk": 83, "fields": {"owner": 3, "code": "DK.SL.SD", "name": "Solr\u00f8d", "land_area": 40}}, {"model": "game.territory", "pk": 84, "fields": {"owner": 1, "code": "DK.SD.SO", "name": "S\u00f8nderborg", "land_area": 497}}, {"model": "game.territory", "pk": 85, "fields": {"owner": 3, "code": "DK.SL.SO", "name": "Sor\u00f8", "land_area": 311}}, {"model": "game.territory", "pk": 86, "fields": {"owner": 3, "code": "DK.SL.ST", "name": "Stevns", "land_area": 250}}, {"model": "game.territory", "pk": 87, "fields": {"owner": 4, "code": "DK.MJ.ST", "name": "Struer", "land_area": 175}}, {"model": "game.territory", "pk": 88, "fields": {"owner": 1, "code": "DK.SD.SV", "name": "Svendborg", "land_area": 418}}, {"model": "game.territory", "pk": 89, "fields": {"owner": 2, "code": "DK.MJ.SY", "name": "Syddjurs", "land_area": 697}}, {"model": "game.territory", "pk": 90, "fields": {"owner": 3, "code": "DK.HS.TA", "name": "T\u00e5rnby", "land_area": 65}}, {"model": "game.territory", "pk": 91, "fields": {"owner": 4, "code": "DK.ND.TH", "name": "Thisted", "land_area": 564}}, {"model": "game.territory", "pk": 92, "fields": {"owner": 1, "code": "DK.SD.TO", "name": "T\u00f8nder", "land_area": 185}}, {"model": "game.territory", "pk": 93, "fields": {"owner": 3, "code": "DK.HS.VA", "name": "Vallensb\u00e6k", "land_area": 10}}, {"model": "game.territory", "pk": 94, "fields": {"owner": 4, "code": "DK.SD.VA", "name": "Varde", "land_area": 251}}, {"model": "game.territory", "pk": 95, "fields": {"owner": 1, "code": "DK.SD.VN", "name": "Vejen", "land_area": 244}}, {"model": "game.territory", "pk": 96, "fields": {"owner": 2, "code": "DK.SD.VL", "name": "Vejle", "land_area": 144}}, {"model": "game.territory", "pk": 97, "fields": {"owner": 4, "code": "DK.ND.VE", "name": "Vesthimmerlands", "land_area": 789}}, {"model": "game.territory", "pk": 98, "fields": {"owner": 4, "code": "DK.MJ.VI", "name": "Viborg", "land_area": 312}}, {"model": "game.territory", "pk": 99, "fields": {"owner": 3, "code": "DK.SL.VO", "name": "Vordingborg", "land_area": 615}}, {"model": "game.player", "pk": 1, "fields": {"user": 1, "resources": 1, "delinquency": 0}}, {"model": "game.player", "pk": 2, "fields": {"user": 2, "resources": 2, "delinquency": 0}}, {"model": "game.player", "pk": 3, "fields": {"user": 3, "resources": 3, "delinquency": 0}}, {"model": "game.player", "pk": 4, "fields": {"user": 4, "resources": 4, "delinquency": 0}}]